Column1,Column2
1173,578
3526,1928
2220,1933
2281,311
2003,443
1405,1052
2526,2062
2725,1695
2249,1689
2443,1680
4314,896
1666,562
3558,2304
1863,1708
1189,410
3288,531
1218,1032
2239,1560
3557,1894
2112,1835
1200,942
1881,348
1876,800
2723,1646
2053,269
1721,2571
1343,573
2773,2211
1350,256
3535,2227
2278,255
2461,1316
3857,826
2981,1716
2043,2195
2906,1688
2857,2117
2120,2846
2360,1534
2340,1536
2481,1257
161,1161
2775,2212
2531,1174
2726,2244
2147,1693
2463,1957
1395,499
1379,234
1801,1750
2121,2661
1501,767
1880,2727
2980,1334
1195,2354
2105,2759
3785,896
973,518
5210,984
1874,325
1867,2834
3458,532
2137,1803
3513,2468
2702,864
2172,2427
1705,1729
2766,1947
1608,286
1014,700
3787,2468
1230,1028
2138,2593
2272,1618
2766,2188
1261,339
2160,1926
5207,1489
2868,1666
3547,1726
2060,2768
2882,1916
2876,1916
1723,642
2351,113
2030,2566
2836,1056
1874,517
2263,359
1201,859
2247,1992
2532,1313
1757,493
1202,1042
2273,1622
2069,1825
2448,1323
3859,2338
5231,984
2850,1351
2240,2802
2105,2761
2309,701
2159,1914
3496,2179
3550,2434
2551,3565
1730,1009
4884,1391
4882,1510
2783,2038
2164,308
2054,2575
2422,591
1342,1042
2293,435
878,2237
2253,625
2704,1658
2719,831
2041,1754
2370,711
5199,1500
2419,3571
1273,1042
3933,1755
1959,2744
3512,2454
1881,2836
2712,853
1881,2908
1976,2621
1684,2504
1332,593
1752,526
2025,1725
4079,1893
2932,1341
2444,1658
1278,591
2140,1668
874,1000
1277,337
1281,332
2565,570
3757,589
2445,1365
1646,316
2825,1693
3510,812
2068,268
1199,681
1816,1684
2175,2465
3534,2251
3476,1878
1868,316
3192,2381
2044,185
3234,1902
3897,711
3278,1180
2213,1579
2260,666
1552,2561
1659,997
1846,635
2444,1313
1821,1687
2026,365
2186,1923
2211,1931
2923,1528
2765,1992
2138,2862
3672,759
2944,1324
1842,1750
1303,611
1984,1691
2267,1549
3621,541
3329,445
4060,665
2163,1606
3273,463
4177,721
2652,1811
2401,2224
1205,990
3249,1909
2574,511
2245,1695
2765,2244
2033,2274
1242,349
2579,3316
3126,2299
2371,1404
2746,332
3520,1930
2558,1563
2843,2347
1875,844
2417,781
2484,1920
3275,1740
2526,300
3407,2422
3681,783
2147,2284
2907,1689
2576,376
1568,312
2651,994
1154,571
2539,1692
2585,423
2649,1961
2482,1351
2341,116
1773,2558
2184,1924
2167,1931
922,539
3767,589
1316,871
2420,774
3605,922
1863,2987
2693,1667
2784,1102
1712,595
2076,2204
2202,104
1803,317
1471,958
2788,1317
2078,1690
1073,708
2375,2655
2734,540
2261,1379
1175,1047
2665,937
4062,679
1756,480
3619,3130
2617,1587
2523,1798
2115,2318
2272,1618
2439,1667
1932,604
1987,2462
3674,731
867,2438
2348,1476
2903,413
2652,2171
2197,1914
1928,1692
2799,161
1580,321
2740,2244
2842,1346
2002,244
2120,2673
2417,786
3465,2603
1757,445
1193,1051
2119,2883
2464,2060
4163,734
2979,1334
2747,1702
2786,1113
1050,838
1066,836
2532,686
2775,1689
3268,2435
881,2325
2550,1161
1057,839
1667,310
1822,736
1342,603
985,510
2637,2239
3199,2360
2363,2701
2683,708
2164,1730
1480,115
2198,1703
1321,2526
3302,2435
2154,1689
2186,601
3903,676
2647,2116
1824,592
2594,558
2610,1747
1217,1069
2126,3473
1888,2959
2804,1518
2904,1961
1573,655
2473,2292
1706,1041
2464,1480
1981,1630
2125,2779
3524,1055
2694,870
1317,555
1879,1625
2849,2215
1739,1002
3844,1738
4041,848
2904,1683
2470,1284
3553,1566
1999,533
1957,1960
1371,244
880,2244
1740,1602
3486,547
2176,1922
1300,584
2575,373
2935,1684
2642,1035
1292,478
1174,2232
1020,702
2123,1785
2232,600
2825,1689
5198,1242
2248,2006
3524,2023
2444,1845
3915,1844
1374,598
1990,428
2776,2066
2163,1723
2424,587
2920,2072
1980,1691
1370,239
2016,442
4078,684
1399,589
2543,1681
3489,2450
2707,1264
2667,865
2810,1960
3616,542
3021,771
1797,89
1653,3045
2626,1286
3496,2097
2115,1835
1380,521
2025,2585
1929,604
2970,549
2618,1306
2024,1719
1668,2501
1208,856
2892,1956
2624,2239
1300,2534
1893,1729
1840,760
2367,1785
2964,540
2718,835
3791,879
3276,2778
2156,202
2156,1984
2356,119
2847,1329
2034,1773
3021,2216
1341,1039
2559,565
2252,644
2736,2237
2653,2172
2164,1643
2147,1814
2448,1391
5158,1196
2058,1689
1460,138
1574,459
2877,2105
2125,2738
3438,2433
2781,2075
1264,835
1030,493
1202,1049
1887,683
1219,2163
1557,598
2898,1690
1352,738
2656,1860
1969,1690
1876,1765
3967,1813
2438,1920
3266,411
1199,890
2095,271
1346,1000
2202,104
1264,1040
2253,667
2148,1901
2341,114
2421,770
3800,3261
2827,1691
2991,1697
3461,527
2286,118
2248,634
1937,310
2452,1376
2032,2617
2117,2845
2159,250
2444,2033
2127,2704
2013,2495
2034,2725
2114,1836
2788,1317
2277,269
3497,2150
1725,3170
2753,312
1179,1032
3422,1903
2852,1987
2783,1821
3513,587
5186,1505
2358,2408
2823,1355
3495,1506
1658,2628
2815,1116
3906,802
2370,2339
2467,2253
1276,339
2445,2104
3918,600
2469,2075
2617,1792
2152,2520
2279,251
2412,463
2164,1730
2973,1916
2452,2246
2640,1517
2589,2968
4007,867
973,519
2578,444
2415,1916
1226,1065
4643,897
1094,928
2804,709
1550,603
2301,106
2851,2079
2274,2990
2115,1831
2368,465
3284,536
2458,1477
2986,389
2013,570
2450,2251
2554,1790
2518,2684
2254,1662
3487,2432
2240,1915
2364,2711
1951,775
2124,2792
1768,2566
2579,578
1957,1692
2586,685
2855,2044
2085,2745
2358,113
1034,702
1253,670
5050,1134
3518,2401
2128,1941
1756,444
3045,538
3688,902
1979,1587
2464,1960
1877,836
1209,378
1890,2959
2156,1791
2615,1699
2530,1547
3331,431
1620,598
2163,1814
2470,1284
1367,1044
3228,2774
2444,2030
3504,1999
1578,520
2815,698
2130,1773
3803,2614
2164,1639
2115,1835
2674,949
2272,1618
2695,1590
3532,503
2903,1377
4309,943
2125,2715
2352,3566
2665,1781
2824,1109
3759,1924
2227,1677
2735,1960
3889,662
2586,3068
2112,2696
3261,2567
2178,1939
2740,2244
1778,464
1594,597
2831,1424
2552,1545
2160,1662
2639,2212
1733,1120
2367,2698
2121,1813
1070,682
3188,1703
4078,852
3170,1715
1286,1042
2401,1793
1788,967
2361,1910
1595,737
2915,1341
2936,1716
2511,1955
1308,857
2198,1983
1239,1085
2356,119
2119,2980
4597,1467
2758,1317
3330,427
1590,275
3749,3194
2125,1789
2774,2072
1440,383
3275,349
3274,2415
3494,1886
3447,1681
2600,1315
1574,554
2338,2554
3177,1518
3462,528
2736,1632
2849,545
3720,787
1879,2854
1070,735
2905,1915
2929,1920
2677,691
1231,1074
2283,1716
1051,516
1886,666
1653,2684
3981,2743
1610,795
3528,1924
2612,1636
3178,2361
1646,737
2647,999
3520,1519
2005,215
2096,2619
1363,249
2456,1795
1647,2295
1875,2831
2145,1753
1038,498
2201,1706
2647,2119
1195,622
2126,2712
2124,1794
2211,1913
2659,545
2656,547
2740,348
3748,3127
2921,1919
1773,1033
2225,2012
2646,2050
2364,1547
1199,904
918,546
2622,1429
1845,1751
2034,3596
1764,311
2442,1797
3417,2422
1882,2855
1891,1658
3494,2128
3250,1041
2828,1366
1655,1806
3515,2465
2898,412
2177,1583
2400,1917
1826,310
1817,1684
2712,1244
3856,625
2386,116
2461,1313
3510,2009
2709,1269
1010,502
2249,2003
1129,418
1385,500
2119,1837
3332,432
2755,1924
3775,3274
2257,500
2707,548
2771,2217
1423,477
2126,1713
1841,147
1241,1085
2227,2079
3422,2431
1888,857
2363,1790
1586,280
1490,109
1357,2526
2570,542
1879,1596
1853,1811
4300,965
2278,1618
2250,2006
2259,1694
1670,97
1785,3076
3546,2306
1674,990
1197,727
3332,436
1262,340
3178,1698
2200,1916
827,2001
1268,1042
2164,1635
2611,1916
2611,1766
3532,1165
2115,1803
1194,569
3286,2717
955,529
2823,1337
2743,744
3303,555
2247,2014
1305,2489
1662,2622
1951,777
2150,1954
2046,2585
3547,1316
2093,2568
1346,2533
1213,1119
1670,853
3523,2258
2442,755
1803,215
2573,3582
3409,2429
2451,1682
2962,1921
1453,738
2444,1331
2343,1535
2743,1699
2447,1333
2845,1910
5196,1508
1975,1630
2562,1406
1877,1722
2257,305
2436,3090
2003,385
2182,1925
2213,269
3533,1048
1113,447
2242,2010
2322,699
2164,1794
2851,1995
2941,1712
2607,1849
2160,1729
2574,426
2292,596
1648,2856
4017,700
2840,1707
1658,2834
1819,182
2118,1801
2121,1709
2767,2021
2973,1960
2249,2031
2448,1856
2401,465
2240,598
1085,530
2278,1616
871,2709
3786,893
2420,3582
2655,2228
2004,289
4688,1475
2147,1821
4037,748
2610,1928
2003,243
943,984
1198,2248
2579,390
2682,853
2357,1757
2707,1267
2930,1698
4092,862
1829,1690
2474,2238
4301,892
4491,772
2413,2970
1162,1022
2709,1267
2148,1941
1227,362
1279,342
1475,1039
3747,3063
3676,762
2500,530
1880,2612
2332,113
1184,1054
2189,1907
2448,1306
1471,891
2565,571
2118,2625
3322,1911
2532,2402
2143,279
738,559
1182,1046
1960,1586
2607,1777
1734,2781
2661,989
4491,772
2689,327
3510,2009
1271,999
1725,307
4309,882
2451,370
2132,377
2368,305
913,834
2128,589
2608,1891
4991,1096
3541,2343
2008,343
1305,916
1834,192
1279,1042
1268,1040
1847,1642
3483,1888
2167,1559
1854,643
1189,1055
2448,1830
2490,591
3800,2418
1201,1048
2216,1582
2923,1157
1683,2565
1805,106
923,834
1883,2611
2087,1679
2769,1925
1054,483
2249,2005
3711,637
3502,2369
1709,1041
3706,2299
1682,311
2256,380
2760,1911
2735,2243
1200,1028
3497,2117
1303,578
1643,2856
2552,1789
2028,1749
2342,2000
1892,622
3055,1566
1134,2212
2133,1764
5042,1520
2242,1608
2826,1109
199,1491
1574,815
3509,1931
2752,551
2146,2515
1363,248
2917,1337
2753,562
2860,2063
2141,1689
2122,1839
2398,466
2820,1472
1350,834
2441,2052
3687,646
2992,1699
1501,1038
2157,517
2571,1959
1882,1599
3630,905
1200,718
1572,825
1305,2490
2902,1689
2025,1722
2810,705
5221,1249
3541,1043
2312,2139
2611,2972
2470,1284
2444,1818
2751,554
1485,315
3524,1100
1867,639
1196,1062
2690,1547
1452,1038
2161,1814
2049,1688
2574,493
2275,1474
1436,355
1583,742
3558,2238
3626,1640
2878,1980
2908,1748
2119,2789
2145,1944
2136,1963
2405,3574
1641,1016
1632,311
3870,1879
2244,309
2912,1683
1595,591
3540,1043
3512,1943
1328,1039
1176,1041
2544,322
1015,700
2161,1589
2198,370
2718,1316
2150,2590
3685,781
987,842
2183,1935
2662,952
1195,999
2960,1695
2286,584
2247,2016
2852,367
2714,1692
1498,343
2002,489
2146,1694
2614,1677
2724,834
2141,1761
2038,2478
2848,1443
2639,1520
2117,1837
3756,3285
1868,2982
2129,261
2782,2078
2739,2245
1955,1706
2627,548
2539,293
3685,781
2366,119
2616,1707
1202,1065
3681,878
2249,443
1674,1041
2888,555
2411,1691
3024,783
1880,1708
2367,116
882,2253
1309,1042
2105,2536
2362,2292
3482,2209
2185,1930
1202,1049
1884,2960
1192,1036
2269,1698
1199,798
2773,2255
2002,487
1151,825
2127,1717
1195,962
1172,1085
2248,632
1178,1051
2289,454
2535,1914
2119,2900
2127,2609
982,512
1195,551
2638,649
2679,996
2735,2237
2560,1960
2037,2559
2207,233
2639,2212
2261,1895
2902,412
3119,2335
2366,118
1492,315
3545,2434
3771,909
1614,737
2069,595
1214,1054
1816,16
3151,1899
2253,2001
2703,850
2173,1915
2898,1689
2206,2540
4006,646
2865,2078
1951,776
2561,3565
2292,480
3973,1822
2274,1623
1859,1750
3675,867
1756,1039
2152,1977
4170,728
2659,2242
1045,491
2170,1699
3814,2000
1956,1698
5191,1509
2008,519
1945,1749
5030,1519
2118,2845
2830,704
1883,1631
1599,602
3556,1270
3735,587
1314,1042
1875,591
2081,306
4116,1748
3519,1185
3496,2450
4090,685
1866,2978
4273,746
1156,923
736,555
1957,1629
2265,1917
2207,2199
2275,1625
1664,2560
3513,1879
1874,324
1172,908
1884,544
1875,511
2533,301
1508,1787
2271,1615
1388,745
3331,439
2417,793
3526,1059
1476,2440
1312,909
2366,123
2500,1505
1724,1589
2115,306
3177,1557
2256,270
2758,2524
2403,581
2539,584
4143,721
4055,953
2700,1664
1578,691
2180,1980
1884,2610
2565,574
2261,1957
1396,514
1752,1592
2582,564
2272,1618
2278,1615
2147,1872
1769,1004
2184,2471
1492,1040
2066,1658
2851,1998
2234,1996
1848,2264
2784,1317
758,645
1831,850
2625,1422
1066,877
1831,1789
1327,843
2040,1752
1662,2621
2847,1974
2036,2720
1672,2551
1543,838
2619,1580
3186,448
2368,1983
2253,2029
1575,725
3154,1899
2125,2841
1314,2557
2815,710
2446,1676
2363,1768
3613,2065
1424,1042
2083,2577
2990,390
2428,1637
3279,479
2139,1940
1655,3165
2164,1615
2368,305
2411,359
1532,736
1284,838
3768,1924
2009,641
2355,1792
2111,2731
1887,321
3181,1693
2250,1985
2624,1082
3013,546
2107,1695
3126,2299
3999,647
2248,2027
2436,1687
4311,1025
1727,1022
2838,639
3497,2829
2247,2014
1200,1050
3150,1708
2003,614
1358,1002
2006,1688
2450,1600
2081,2578
781,1947
1438,347
1320,572
3454,544
1719,3094
3023,1711
1158,2227
1724,1016
1875,2731
3380,2092
2779,1978
2293,494
2195,1915
2140,1750
1806,2552
3670,838
1583,429
3179,1696
2253,1895
2123,1885
3770,3275
5064,1666
2160,1873
2339,1534
2102,1806
3331,436
2634,1588
1007,491
2161,1824
2271,2205
1803,1750
2252,704
1514,782
3502,2353
4914,2133
1199,1020
1114,981
3524,1922
3280,2432
2287,1875
2006,694
1197,1020
2082,2811
2919,2782
2851,1995
2388,1669
2589,690
2961,539
2743,760
2138,1867
941,539
3270,531
5216,1235
2157,252
1588,279
2134,2767
1012,2062
2269,1623
2095,1688
2560,340
2537,435
2438,1332
2013,166
1142,922
2160,1866
2787,1317
1802,82
2757,1696
903,877
2637,1916
2604,3448
2100,2744
2269,1698
2639,2212
1602,1019
2915,550
1196,1065
1307,2525
1462,136
1234,875
2577,376
1878,330
2323,122
1587,743
2416,1773
2289,1792
1943,454
4477,689
2845,1687
2445,1332
1933,516
2459,1407
3028,1936
1460,699
2247,370
2259,1376
2164,1777
3270,2430
2180,2434
1206,1031
2117,1837
2277,247
2917,2053
1239,681
5021,1517
1820,83
1906,913
1197,928
1231,1073
1879,2849
3523,1521
2142,1746
2218,2535
2851,1685
1597,270
2094,2438
1355,257
2264,1803
2064,2624
2234,1555
2128,2728
2454,1745
2839,627
3604,916
4284,745
1574,613
2116,2739
4020,845
2102,2740
1199,931
2190,1914
2278,1615
1373,1006
1842,601
2282,1719
738,558
2049,1688
2949,1920
1964,244
2287,498
2713,1247
2749,1172
2777,2075
1757,444
972,1030
1316,869
2253,286
2365,121
3239,1907
1155,1021
2969,550
2637,549
2197,1974
2986,393
1686,1546
4006,866
1200,1049
3519,1103
3988,1093
2312,1177
3638,2744
2168,1888
1278,341
934,547
1875,341
4038,752
2741,484
2847,623
2161,1613
2585,1114
3717,624
3033,541
1567,742
5190,1514
2905,2099
2276,355
2848,1333
2342,474
2262,1847
3313,2443
3681,668
3183,539
5147,1188
2758,2243
3403,473
5123,1178
2031,2216
1885,672
1198,916
2800,2149
2231,595
2590,3570
3519,2469
1208,1014
2981,1959
1584,811
2577,3377
1771,1032
2756,2244
1213,1034
2418,775
2269,1612
2013,429
2753,558
2534,300
1197,980
2621,1712
1613,41
1597,281
1801,112
1477,394
1173,1042
2446,1417
1874,816
1469,1042
4175,723
2454,1710
4365,742
3264,2631
1111,565
3895,1854
2249,2013
1888,1632
3173,1715
2959,1691
2132,1717
2138,515
1957,1708
2843,617
4029,836
2612,1639
1545,833
1449,741
2438,779
2558,306
3265,2531
1827,1787
2500,530
2251,392
2589,2239
1237,1103
2980,1711
2526,1953
2771,2212
1263,1000
3331,444
1780,315
2417,801
3238,539
1340,1068
1662,2620
2369,1677
2488,315
1194,608
1501,1043
3981,624
1891,2960
2240,2179
2270,2040
2258,1690
3421,2433
1192,405
2181,1584
2903,1682
2038,2505
1358,1042
3527,1187
1869,659
2114,2759
1196,752
1344,835
1552,1042
1147,1000
3551,2434
2855,1925
3853,644
1302,874
1919,1689
2775,2055
2561,570
2225,2010
917,837
2111,1693
1872,310
1503,595
1381,738
1340,2526
2424,1917
2326,241
1545,82
2140,1727
2819,1510
2091,2726
1385,865
2902,423
2304,2419
1870,326
872,2340
2179,1800
1257,923
1875,1614
2705,1700
2080,1785
1369,241
2540,317
1886,523
2835,1689
3210,1776
5010,1087
2829,1324
2448,1316
2107,309
2128,2767
2567,571
1824,5
3838,2452
2163,1637
3824,2449
2120,1852
2116,2928
2141,1788
1684,2504
2792,1026
1354,999
1439,353
2124,1945
2208,2291
2533,671
2123,1751
2955,1920
2170,1589
2413,1657
2549,570
3273,1234
1196,889
2134,377
2089,1684
2765,2232
2512,1959
1305,2489
2553,3566
5017,1011
3590,1050
2453,1665
2664,960
3845,930
2913,1916
3171,446
1579,733
1189,409
2848,2333
3509,2449
2177,1939
1184,936
970,839
2775,1691
2305,1795
2924,2091
2524,1961
2755,746
2890,1353
1116,681
4104,681
2019,2823
2003,441
1423,1039
2806,540
2838,1369
2724,555
5159,1349
1563,797
2559,339
2077,1664
3468,748
2923,1527
1882,2907
3472,829
2254,2024
2128,3582
2450,2358
2167,1559
3513,2456
1574,736
929,539
1660,2905
2336,1709
2358,1533
2170,1918
2268,1613
3242,2416
2870,398
2931,412
2321,2521
1235,1049
2376,2810
2164,1634
2469,1794
2456,1331
1589,599
2451,1580
3334,463
1885,443
3871,601
2417,791
2758,2079
1561,799
3194,2354
2052,1257
1534,737
2184,2530
2289,234
3265,2531
1574,568
2199,1559
2327,1785
2997,548
2952,1696
2606,1686
2414,3575
2827,1429
2163,1756
3553,1612
2964,541
2241,1648
2322,108
2075,2957
4524,806
3601,1019
3301,2435
3811,606
4645,909
2286,118
2055,594
2139,310
2065,1658
2118,2620
2006,421
4552,2427
1200,1049
1260,2093
2130,270
2286,117
1725,601
1200,712
1549,2568
2329,511
3562,539
2038,2723
2824,1109
2242,2018
4478,773
3516,2023
1733,649
2574,446
855,556
4980,1267
4613,905
2399,746
1662,2619
2099,2673
2164,1673
1905,15
1861,2983
1295,313
3598,893
2393,1766
2164,1683
3474,538
1221,961
2510,598
2232,1802
2603,381
2367,1380
1854,1748
2700,1329
939,843
2235,2009
1575,685
2912,2067
2822,1467
3689,913
1903,1626
2506,2424
2959,1970
3523,2408
1879,1596
2775,2003
1769,1687
1887,682
1272,328
1585,2729
2190,1855
3037,1915
2817,363
2920,1993
2635,560
1806,104
1078,1080
1625,279
1194,709
2685,548
1444,837
1200,1019
4198,737
2445,2051
2268,1618
1253,926
2035,2735
2094,273
2121,3121
2588,1927
2344,165
1570,739
3669,2364
1951,1691
2687,893
880,2345
2931,1511
1032,474
2164,1675
2164,1586
3777,1930
1298,607
2408,788
1073,738
2442,1328
2188,1923
2542,701
2538,698
3303,1903
2379,1718
2632,1693
2201,102
1121,576
2024,1749
1576,1038
1561,804
2146,2751
2312,1761
2860,2158
2094,273
2868,2407
1968,2726
2449,1348
2120,1801
2419,765
2718,2238
5034,1523
2767,565
2449,1966
2247,599
2089,1684
1579,601
1234,868
5189,1494
2003,1746
2541,287
2340,121
969,835
2748,753
2970,383
1412,471
3313,1909
2187,1856
1138,552
1189,924
1804,106
1809,2561
1979,1691
1495,108
2103,309
2447,1781
2465,1797
1301,834
5141,984
3805,3252
2120,2915
3759,766
2030,2732
3542,1894
2011,306
2573,470
1229,1072
2020,2583
246,1657
2599,1059
2960,1960
2823,1685
2711,837
2323,2521
2023,176
2208,2333
2960,1953
3748,3137
2258,1960
2467,754
1316,872
2936,1703
2247,2027
2253,1895
2208,1689
2002,493
976,2040
2227,1590
3680,902
1198,563
2602,295
2065,271
3552,2231
2247,2024
2189,1914
2538,685
2038,2516
2266,2202
1193,546
2272,1618
1094,840
2390,1670
2005,2701
1472,846
1191,1054
1203,928
1574,699
1179,1032
1724,1019
2582,2931
1878,2776
2043,1750
2279,249
2613,1469
3331,2422
3876,608
1514,985
2890,1956
942,540
1401,1990
2960,1707
3479,1885
2301,2194
2203,105
2907,1694
2105,631
4885,1484
3811,2445
2652,1873
1191,950
1320,585
2214,1802
2685,1539
3858,600
2143,279
2350,328
3552,2427
2656,2237
2881,1692
1198,577
1487,109
1202,1043
2850,1335
1164,2229
1638,738
2292,450
2821,1469
1403,1051
1802,82
2369,685
2165,477
2182,1921
2339,115
3497,2146
2628,1031
2606,1519
2912,2031
2855,707
1924,1630
1594,815
3180,452
3590,1019
1914,573
2058,2524
2064,1688
2612,1376
1308,612
2070,1693
1902,477
2436,1468
3792,2485
1230,681
2177,2773
4087,683
1579,794
1197,988
3512,892
1105,838
2307,105
2910,1684
2557,552
2006,1747
3285,472
2843,617
2639,2212
2526,691
2727,548
3786,2407
3260,463
1843,2542
1467,130
1519,810
4120,702
2133,1801
2288,489
2415,648
1887,330
1331,2519
2824,1692
2781,1505
2587,2964
1369,536
1105,1040
4992,1083
2607,1690
1321,591
2599,387
2534,704
2199,1705
1556,809
3532,2239
3897,607
2354,1643
1236,944
2817,363
2380,2535
1950,1638
2185,1920
884,2523
2364,2771
2840,1057
1028,494
2312,1761
2145,2770
2358,1757
1674,989
4018,863
2107,309
2984,385
2604,1684
1200,1034
2704,1700
873,2119
1408,1042
2777,2123
2155,1976
2817,709
2104,309
2412,3568
1391,761
872,639
3793,608
948,529
1181,1036
2250,592
2635,1041
1415,467
2773,2207
1842,662
2136,1963
1348,961
1517,598
1561,821
2062,1948
2746,355
2541,695
2042,2387
955,1094
2127,1957
3579,1897
2385,3576
2025,1744
3793,3268
2400,1685
1201,2234
2942,1726
1995,1688
2216,1803
3676,695
3318,460
1221,838
2426,1678
1618,597
2851,1358
3966,706
2053,2615
1373,247
1896,14
2578,446
1192,404
1319,295
2652,2176
2367,1920
1844,915
2498,2303
2682,1804
2447,1349
2417,1918
1296,481
2388,1939
3629,1626
2915,1338
2703,1397
5026,1533
2242,243
2186,1604
1581,1038
2240,2540
2031,2619
2254,1690
4154,715
1656,3151
2133,1801
2220,1606
3804,2518
3044,393
3783,2362
2838,639
2810,670
1199,967
2768,2250
2968,1602
2838,1246
4358,755
2151,1803
2742,2242
2945,1526
2857,1082
3516,2023
2661,948
2463,1413
3299,1750
2244,568
3542,741
1491,916
3465,2603
2851,1995
3513,2015
2241,1600
2611,1794
1349,1000
2237,1688
2918,1919
3024,2218
2369,2706
2201,1920
3440,2428
1077,739
2598,699
1071,920
1187,404
4120,706
2149,1751
3497,2129
1477,626
2161,1896
3056,1455
1643,1072
5034,1517
1874,2730
1828,7
1811,309
2140,1802
2646,2073
2661,1030
2684,325
1608,154
2182,1940
4532,1038
1475,675
4410,741
1199,915
1875,340
2220,1933
1120,579
940,837
2033,2619
2612,1653
1874,900
3475,1891
2159,1604
2709,840
2293,1968
2563,570
1677,2481
1772,311
2366,118
2616,3438
978,519
1630,310
4204,737
2144,1860
2252,589
1184,2245
2913,1686
1733,1045
877,669
2287,281
1673,2578
1295,481
3774,2442
1229,1038
916,542
2273,1532
1318,2547
2697,965
2248,2039
5049,1515
2433,2351
1238,1002
2272,1703
1197,1020
3483,2430
2686,994
1798,4
3529,2297
2849,1873
2731,2400
1270,1042
751,557
2784,1099
2035,2355
3548,2429
2721,846
2126,2620
1214,1118
2392,1374
2792,997
2557,2432
2700,870
1809,3
1783,2568
2157,1801
2788,2237
2204,1876
1197,967
1485,1002
2527,3569
1555,308
2687,1577
2160,1730
2506,1691
3788,952
3787,891
2256,517
3279,530
1862,322
2549,3561
3514,2458
2112,2872
2282,1695
2919,1682
2585,423
2689,1698
2024,308
1994,2482
2396,1793
2046,2592
1874,765
2411,463
1595,312
2800,1709
2835,1710
2452,1369
2709,1317
2766,2120
2106,2582
2165,1665
552,850
3814,2000
1599,1041
0,1426
1175,739
2129,2863
2447,1386
1757,1750
2422,598
2877,557
2368,2740
2448,1863
2992,382
1169,842
4114,717
2709,842
1562,811
1307,569
1397,742
1428,742
2425,759
2845,2330
2446,1332
2961,545
3174,2371
1297,1040
3463,2614
2788,2237
1198,1028
2430,3576
4885,1762
1870,2776
2417,776
2066,2621
3606,913
5164,1346
1132,2872
4265,1709
1882,899
3705,2299
2661,960
1918,375
1768,1032
3496,2140
3820,599
2738,2079
2125,2959
3495,540
1361,549
2380,591
1186,1046
3370,2437
2263,516
1200,982
2435,3094
1694,601
2202,1567
5051,1133
2358,1917
3201,2388
3962,631
2420,588
3176,2318
1588,437
3554,2264
2234,503
2768,2014
2546,1961
2079,1687
2461,1957
2526,692
1212,967
2446,1332
3249,1910
2492,1691
3157,534
2767,550
2512,1479
2371,375
1320,2351
3190,1352
2151,2589
2175,1586
1625,279
3252,1908
2576,526
2118,2861
2340,1536
2847,2248
2131,1692
2129,2505
1881,2940
1031,489
1500,1043
2448,1440
2247,478
2879,412
3414,2426
2905,1689
2240,1917
3231,539
2284,2256
1871,836
2478,1560
2854,2028
3520,1144
2853,1345
1259,644
3296,471
3047,539
1904,2952
3547,1627
3525,2336
2249,313
4123,721
1208,1101
1202,1050
2205,620
2920,2074
2480,1919
1350,844
2846,437
1847,3001
1876,836
2368,1550
2781,2000
2494,2747
991,1028
1921,3058
2121,1699
1737,312
2924,2056
2740,2088
2730,2148
1802,156
2140,1764
3498,549
1538,846
2414,601
2164,1683
3783,2454
1398,486
2656,2410
2438,1919
2547,307
1561,821
1200,597
1872,2982
3500,1888
2052,2722
3279,479
2695,1665
2826,1698
2811,710
1812,771
2237,1599
1214,1059
1490,1042
2579,423
2417,784
1051,488
2503,368
2126,2899
2759,2073
3644,2426
1381,838
2534,312
3487,2020
4104,706
2130,1751
2166,2517
2035,1756
2277,261
2577,2968
1725,601
3789,2495
3519,1518
4078,851
1890,519
1199,926
1204,1036
2401,1655
1848,1689
2701,864
1351,1055
2839,637
3276,2777
2455,1396
1882,2506
1948,1694
4033,848
5181,1227
3982,629
2566,575
2164,1622
2403,1959
1445,1125
2290,1532
2807,1508
3252,2562
1863,2836
1007,507
1904,2357
2572,373
2496,1956
2956,1707
1432,598
2533,306
2260,1895
2365,1897
2652,1976
1579,751
1447,476
2108,2735
2734,555
1574,772
1884,2767
2464,1316
1579,761
1303,2534
2164,1870
2250,294
1182,968
2719,336
2963,541
1574,773
1829,120
1204,1055
2272,1618
3532,2032
2164,1683
2241,2010
3518,2457
2008,431
1753,996
1182,2243
2926,1699
2574,447
1950,1700
3454,844
2122,2695
2855,1343
2234,2087
2062,1949
1294,598
1455,840
1641,1041
2155,1977
1778,966
2450,1942
2434,1922
2556,1469
2916,2073
2563,2243
2821,1469
2126,1753
2111,1702
976,512
1518,600
2201,1918
1199,710
3200,538
1364,1045
2154,1979
3282,533
1568,821
2171,1921
2141,1697
2081,1685
2644,1518
2644,539
2771,2226
2955,2192
2706,1265
2252,655
2847,1342
1191,579
2420,1917
1198,907
4119,1746
2666,989
2543,1681
1605,798
1784,2570
2373,1625
2246,598
2775,1927
3538,2244
2369,2650
1839,782
1563,807
3517,2396
2127,1892
4004,657
3497,896
2251,549
3716,624
3070,1698
2116,2583
3648,2432
1283,596
2110,2761
2705,1697
2289,453
2285,579
2398,1372
1714,1045
2955,1913
1201,950
3464,455
2248,633
1004,2059
4140,710
2163,1895
2950,1915
2765,2237
2620,1307
3493,2119
2291,1388
2556,1469
2453,2564
2025,1633
1039,495
2257,1694
2329,110
2289,120
3518,2417
2685,2239
2118,2758
2781,2000
2102,374
1511,2549
1941,430
2214,312
2247,2002
1166,1050
1307,564
2579,438
2117,2743
3001,1712
1445,1125
2764,2250
4914,1047
5226,1272
1721,2571
2656,3652
3826,3239
2008,334
2202,1567
4039,657
2114,2716
2497,1919
2225,2637
2400,1685
3504,2089
1171,879
1199,863
2005,248
2504,1702
2164,1710
2981,541
2274,1750
1724,1020
3053,1564
2228,2410
1317,1039
1789,314
3874,606
2849,1923
2782,1317
3493,2147
2418,777
2254,2020
1207,1044
3490,2035
1319,594
2968,540
2249,362
2253,632
1205,1058
3778,595
2014,166
1874,2834
2896,1708
2876,2085
2919,2087
2448,1396
1319,2539
2673,940
2495,2312
2848,1443
2517,3363
3684,913
3540,2249
3016,807
2611,1829
2744,1623
2196,1977
1742,311
2094,1687
2193,2078
2589,691
1196,2234
2220,1933
3530,1520
3826,2443
2692,549
1309,2523
2515,2703
2367,1920
1271,1042
2908,1683
2906,417
2475,599
1884,1697
3270,2638
1673,768
1483,923
1514,747
2279,247
1561,1042
4982,1266
2853,1063
1312,2556
2783,1020
1684,2504
2286,118
2316,511
2698,1310
2557,1957
2847,1053
2570,367
3514,581
1890,2523
2324,2401
2399,118
2931,546
2149,2584
1604,275
2386,601
1833,311
3006,1700
1192,404
3155,532
3671,550
1816,16
678,2032
2364,1874
1662,2559
2714,1692
2441,1684
2136,1963
3540,541
1778,966
2220,1933
1477,598
2614,1415
2728,1695
882,2040
2431,1801
1997,1587
1742,1750
1194,908
2539,581
1670,1038
3506,1490
1204,1058
2025,1752
2559,3567
1915,1760
3487,2432
1309,1042
4159,735
2418,792
1886,437
2252,502
2253,301
1602,1013
1589,602
2798,1122
1811,309
1568,1000
1201,1048
2496,1243
1860,443
1992,612
1834,525
2340,120
2776,1701
1692,3176
1724,1020
1057,485
3491,2450
2570,575
760,640
1169,2236
1881,327
1255,654
1454,1043
3525,1397
2841,494
4448,912
4875,1252
2006,315
1862,1690
2445,2167
3792,629
2164,1662
2791,553
1935,2264
2594,390
2417,795
4305,801
2774,1579
2159,1831
2648,2090
1974,1686
2452,2014
2493,368
2059,1933
2248,482
1612,596
2150,1754
3759,1924
2737,512
2011,372
3515,2391
2245,251
2466,1588
3267,2521
3507,1483
2230,2012
2134,1956
2079,1753
3858,651
1848,736
2417,776
2239,1922
3752,1925
2106,2802
2462,1797
1359,2532
887,550
2860,548
1876,924
1760,1190
3279,479
3576,3341
2709,1262
2255,2197
5193,1521
1662,2623
4014,651
4103,681
2205,1755
1294,320
1774,782
2716,831
2253,1895
2464,3490
1528,782
3526,1917
2572,458
3149,547
2780,2039
1879,483
1872,2983
1631,310
1875,2981
3408,2429
2579,508
2156,1971
2030,2610
2039,2612
1975,591
2249,2007
3497,2104
2915,1340
1574,605
937,2048
1989,1590
1882,2551
2552,2277
1200,1050
2773,2234
2586,1547
1615,738
1470,917
2549,3495
1644,2856
2662,956
2539,320
2279,256
1271,1000
2093,2571
2272,1618
3712,661
868,2330
2188,1930
1456,598
2724,1922
3547,2243
2118,1705
3964,620
2422,1682
2541,1919
2184,1924
1034,488
2364,2734
3163,1716
2146,1694
2314,446
1279,598
2463,1410
1469,1038
2129,1753
2572,432
1365,235
3545,541
2679,1604
2847,1053
2786,2049
2534,301
4873,1177
1837,2831
1600,598
1235,1001
1382,1094
2163,2483
1256,737
2434,3579
2690,3655
2812,1000
2672,924
1688,313
1307,565
1911,2425
2546,575
2010,405
2670,946
2155,2565
1861,1586
1990,1588
2099,2571
1539,1115
1681,91
2652,1875
1578,685
3906,1842
2433,2382
2491,1596
2875,557
1029,758
1598,1022
1875,324
2124,1945
2399,510
2332,463
2891,545
2582,496
1951,776
5186,980
3021,1040
2161,1663
1195,396
2283,139
1213,1050
2485,1920
3524,2403
2199,1910
1585,2304
1255,598
3411,398
2045,1689
2271,1617
2582,496
2287,123
2367,1866
2093,2575
4490,830
1675,1014
1343,568
3496,2432
2272,1618
1887,519
1666,562
5018,1091
2574,404
2657,332
2445,2522
2727,1916
2609,1125
3263,2743
3099,2285
3068,1705
3183,1611
2083,1801
2829,1429
2047,2705
2549,303
2522,1182
2293,109
1094,959
3525,2339
2032,203
2709,1244
3012,382
876,2339
1328,2536
1505,734
2417,581
2523,1692
2278,261
1242,985
1301,834
1198,550
3818,3246
1878,1613
2126,2715
1882,889
2607,556
1801,1747
2903,1686
2706,1697
2162,1893
1197,1061
2184,1919
1829,120
2407,1917
1873,2984
2135,2586
1442,255
3178,1515
2149,2565
2731,1637
1123,569
2367,121
1882,899
2783,1071
2674,1678
2087,1679
2132,2593
2875,1597
2161,1667
2249,2008
2120,2600
2249,404
2165,1932
2926,2142
2548,1171
2179,1690
2195,369
2738,1628
2724,834
2059,1947
2006,1688
4308,744
2579,557
3480,546
2893,1682
1242,1002
1199,977
2351,113
1983,1965
2743,742
2797,1124
4588,852
1578,529
1890,299
658,1817
3686,2961
1766,963
2370,1402
1834,189
1310,2615
3800,2436
3036,748
2501,635
2116,2770
1877,1741
2370,683
2418,791
2500,1505
2815,3437
1454,1043
3408,544
2538,685
1192,837
3281,471
3859,638
2646,2008
2087,1673
3522,2397
2267,1549
2368,305
2539,356
1014,706
2282,123
2668,1956
3330,457
2736,2237
1336,2613
3553,1616
2917,2092
2128,2611
1205,1058
2079,1686
2850,2235
1291,999
3409,2429
2295,1377
2378,1960
2005,215
1804,45
1439,602
3169,450
2612,1668
1199,868
2031,2571
2293,492
2251,1654
2853,1885
1874,14
1890,756
2280,1690
2591,2818
1949,1698
1451,146
2165,1695
2855,1995
2189,2398
4973,1257
1369,999
1302,1039
886,2045
2277,261
3481,2442
2365,116
1426,446
2863,548
1968,246
1836,431
2473,2292
1323,1042
2189,1566
1178,1008
875,2519
2552,3565
1234,742
1573,1050
2804,1506
2125,2977
2387,470
2524,1961
2851,1060
1881,2961
2614,1549
1279,591
3849,3246
1896,2968
1022,482
1192,938
2393,1375
2849,546
3264,1906
2218,1547
2098,1694
2342,1792
1178,1049
1653,2853
2524,593
1501,885
2186,602
1578,282
872,2490
2704,1700
1833,192
3072,2224
1461,860
2965,1922
2272,1616
1971,1688
2529,1634
4660,915
2096,2568
2003,441
1574,566
2448,1403
2924,553
2286,500
1631,1038
2340,126
2647,1003
2786,1317
2140,1668
1200,1051
2451,1421
2252,578
2086,2576
1461,1038
2702,864
2117,2981
2605,1422
2850,1331
3533,1048
2118,1839
740,554
2198,1974
2269,1613
2857,1082
2189,1565
3457,752
2364,116
2013,371
2008,218
1478,795
3200,2380
1286,843
2638,649
2507,1794
3509,551
2147,1901
2456,1797
2389,510
1305,2537
1781,2569
1823,92
2900,425
2125,2786
1259,679
1029,700
2251,1896
2286,1374
2417,1798
2808,2245
4980,1068
1883,423
2220,1933
2433,752
4159,734
2546,301
2250,2004
2267,1626
782,565
2898,540
3303,463
1338,2532
2463,1919
3062,540
2530,1936
756,556
1469,838
2025,2499
2297,1079
2828,1323
1199,859
1885,729
2133,1804
2163,1806
1471,671
1121,576
2534,298
2365,121
2155,1669
2815,1704
4487,941
2480,2138
3447,1681
2074,1661
1781,594
1659,2686
2094,1689
2815,697
2787,2063
4305,1369
2176,1586
2177,1588
2882,2113
2447,1314
1784,1686
2907,1689
2847,1381
1196,1064
1998,1693
1986,1692
2943,1541
2966,1335
1720,2572
2119,1686
2281,1717
1543,743
2924,2093
2949,1924
2533,702
1198,2241
1880,1720
2090,2560
2603,1545
2001,638
3402,1623
2240,577
2563,569
2752,559
1200,1049
664,609
1640,741
5171,1443
1673,3168
2193,1921
2806,2242
1989,2455
1199,1036
2935,1685
2674,360
2909,544
1421,595
2372,1921
1863,1708
1647,602
3279,2431
2297,1805
2547,693
1487,2700
1649,2675
1621,2433
2348,327
2458,1336
2842,1054
1212,1121
4029,739
1753,311
2366,1958
2247,475
1233,601
2000,538
3856,646
1587,2306
3181,1697
1137,566
3169,2350
2161,1759
2160,1806
2279,266
2079,1686
1327,285
2774,506
2944,1689
1889,519
2672,938
2120,2664
1211,1066
3805,2518
2209,1607
2812,3032
2545,691
3480,2440
998,512
2657,332
2253,1895
2443,1348
2427,3570
2539,286
3168,2368
1018,702
1592,1001
2120,2876
1190,1049
2049,269
3174,1715
2448,1370
2177,1920
1298,600
5109,1143
3910,820
1197,980
2445,1986
2535,316
3680,759
3396,2408
1384,745
2960,1336
3543,1906
1031,741
1570,825
2622,1916
2836,2237
2714,1333
1984,715
2722,1649
3536,1058
2707,1263
2336,1562
2452,1445
1891,2975
1468,853
1574,818
2223,308
890,2342
2052,2837
2321,1793
3502,2174
3535,1046
2720,851
3020,2219
3720,1924
2068,1692
2146,523
2774,1691
2199,309
2643,2229
2046,2627
2730,1957
2163,1588
1212,1058
3558,2238
2165,1556
2766,2493
2404,1941
4304,1369
1842,601
2157,1980
2854,1080
2863,532
3285,1702
1839,88
2083,209
1575,670
1579,2296
2961,540
2000,616
2531,702
2161,1821
1549,742
1279,338
1192,1022
2704,1702
1197,958
2252,1897
2279,1615
2257,2004
1389,1050
2123,1696
2202,1971
1600,275
1850,1690
2240,1804
2141,1689
3969,612
2481,3570
2356,1553
2096,2440
1321,2524
2376,2810
1226,1072
3183,2317
1014,698
3493,2020
2289,468
5207,1513
1214,1063
2154,1981
2421,3580
2661,3675
1963,264
4523,796
1428,1042
2178,1918
2777,2075
1322,573
1730,1009
3968,606
1199,871
2566,584
2771,2009
2656,2077
5034,1527
2055,2839
2006,1688
3493,2145
2008,239
1608,814
2046,2581
2124,2783
2053,1688
2103,2573
3373,579
2774,2066
4103,696
3196,2359
1306,847
2129,1804
2414,547
1202,1027
1479,877
1177,401
3093,1298
1579,635
2077,268
1029,703
2126,3013
2448,1862
2075,2957
2162,1868
1964,1590
2608,1664
1341,2533
2210,595
1618,42
1883,803
1823,1686
4650,906
2256,312
1872,310
2776,425
2148,1964
3813,2435
2689,1584
2908,1680
2213,268
3590,626
1949,1698
1989,1587
1573,632
1896,14
2327,1602
3523,546
2402,125
2198,1703
3723,576
2906,419
991,516
2078,1682
2063,337
2078,1689
1513,764
1864,893
2233,595
1870,2475
2784,1102
1875,830
2922,546
2164,1616
2861,1064
2090,311
2075,315
2206,2329
1623,601
2136,2028
2335,1703
2245,1993
1439,882
3676,735
2983,393
2866,622
2753,562
2283,1910
3534,539
2122,2621
2128,2891
2416,797
2770,2021
903,1932
1731,601
1884,668
2183,1924
3779,2441
2656,547
1393,494
2448,1869
1200,1036
3756,3257
1195,550
3505,1933
1600,115
2146,521
2851,1343
1897,622
2817,699
2114,268
1574,443
1308,572
2583,2802
2283,608
1523,1038
1484,899
1117,556
1742,1586
2431,714
738,561
2185,1972
2127,1957
2202,259
2288,117
2514,601
1632,867
2663,963
2054,1752
1533,787
2532,699
3844,2424
2598,1802
5204,1517
2366,1959
2848,546
2638,649
1829,638
1620,1041
2710,866
4715,877
2157,1594
2288,487
3706,2303
1470,674
1880,357
1551,2561
2370,683
2372,265
3554,2427
2256,589
2087,2572
1398,486
2164,1586
2690,843
2695,882
1542,2341
2411,1665
1998,1689
5030,1510
1307,569
1889,519
1876,2834
2795,363
2047,314
3504,1974
2418,760
2045,1752
1620,2994
2325,240
2953,1954
2377,1627
2643,1591
2615,1461
2005,253
1879,1596
3296,470
1729,735
1413,478
2282,1723
1267,347
1754,1172
2080,595
2116,1840
2443,1805
2045,1752
2930,1714
1676,3170
2610,1716
3968,701
2177,1593
2779,1976
1199,990
2117,1837
2354,691
2283,1734
2116,2715
2192,1804
2967,2069
1577,607
2701,1702
2693,316
2829,1418
2742,744
2574,412
973,844
2127,2973
1476,615
2745,1628
2159,1598
2239,1915
2195,1918
5065,1678
2101,2771
2453,1372
1667,2576
3550,1046
2708,1702
2409,460
2124,2791
2126,2673
3292,1956
3538,1079
664,609
1553,311
1198,896
2610,1874
5032,1516
1573,665
2247,491
1700,312
2237,577
3124,2298
2088,1672
2594,1686
2494,1955
2442,591
2247,604
1015,702
1946,1749
2320,106
3769,2443
2550,1063
2339,1535
1803,97
2539,1919
2380,3570
2092,271
2541,558
2131,1801
903,877
2008,552
2300,107
2786,1927
2509,308
2932,1920
2367,2490
2610,3428
2044,2510
1197,2242
2451,1681
2280,1393
2362,2755
2445,723
2583,498
2059,1933
1199,995
1979,1638
2174,1584
1660,1042
1889,595
1716,949
1639,3336
2247,605
2149,2584
1662,2571
3189,2363
2873,1611
2394,469
2110,2706
1718,315
2043,1752
2013,568
2271,1623
3495,891
2559,3455
2990,1696
1884,2550
2034,304
2326,1787
3955,2575
2005,209
2423,1794
1346,835
2859,1072
2455,1398
3386,389
874,2522
1501,1038
2492,2666
916,840
1885,596
5105,1149
2621,2239
3046,1694
1441,878
1651,1041
2776,2062
5218,1507
1231,840
1429,466
3100,2308
2527,1797
1341,1042
2868,2071
2735,688
1824,315
1200,742
1332,1001
3525,2467
2529,567
3700,571
2039,2571
2278,1706
1875,825
1200,982
3334,433
1415,485
2734,555
5236,1274
2037,2565
2811,343
1878,1616
3324,2452
2783,1317
1546,837
1861,1690
2810,1965
2369,2655
2031,1750
3497,2146
2119,1840
1685,1042
4878,1530
1905,437
1192,1044
1194,917
2099,269
2054,2612
2623,1792
1798,1765
2854,2048
2637,1017
2537,562
3063,547
3495,624
1199,912
5016,1107
1878,1616
2607,1598
2095,1688
2126,2776
1283,332
1280,338
3153,441
2066,1658
5054,1656
1507,1039
2570,537
2068,1752
2465,1917
2635,2233
3516,2238
2121,1840
2853,548
1552,312
1884,941
1578,548
3565,1750
2423,276
3522,1518
2547,307
1816,17
3691,564
1242,988
2249,2000
2386,114
1319,1072
4388,1641
1663,2505
2787,2062
2346,123
2463,1403
3497,2449
2808,702
2037,2559
2726,1694
1572,440
2647,2364
1883,881
2912,2098
1450,395
2447,1308
2598,699
948,534
2161,1791
1276,339
2825,1474
2068,2828
1132,1049
1319,2351
1730,2571
2186,1924
2775,2211
4982,1262
1195,850
2577,530
2882,1693
1625,279
2362,1549
1480,891
1284,328
2719,3536
1873,592
1661,2572
1554,1042
3692,904
1821,93
1199,685
2765,546
3773,2442
2118,2774
2042,2582
1128,558
2689,1508
3764,3288
1205,1056
2858,1344
1312,838
2693,1667
2105,2650
2117,2573
3522,2401
1310,2615
1350,261
1604,115
2113,1705
1124,545
2027,687
2652,2078
2947,1690
2830,1378
2699,1673
1129,571
2145,2530
2162,1890
1785,3076
2165,1558
2133,369
2160,591
2585,423
3023,784
2452,1572
2117,2686
1274,835
2147,2475
1009,684
2469,1919
3538,1850
2026,2584
2271,580
2257,2014
2564,1582
3484,2440
3484,2450
2366,1959
1128,578
2025,1644
2095,2576
3480,2440
2150,2504
1733,1119
1272,932
2249,2015
2071,1691
2412,3561
2257,1694
2949,1691
3544,1622
1746,443
1818,93
1284,331
3337,1812
1801,181
2707,548
2271,1611
3196,2377
1019,700
4334,747
3538,2233
1425,830
2787,1701
3302,534
1199,1039
1463,905
3254,1719
1200,699
2509,1919
2711,1243
2254,1646
2366,1959
3133,427
2563,565
1307,571
2134,259
2652,2182
1207,1049
1828,189
2279,140
2674,2084
2276,261
2146,1874
2179,1938
1774,685
1721,599
3310,1924
2634,1043
2604,389
1938,310
2225,2405
3774,592
2986,2052
3218,456
2615,1706
2701,971
2284,1375
1239,842
2288,516
3417,2145
1244,879
2197,1913
2405,2415
2604,1425
2656,557
1574,755
2659,2115
2865,545
2154,1592
2282,137
1473,471
3252,1907
2431,429
2120,1918
890,547
1887,1619
1406,477
3800,2607
2165,1979
2263,511
3522,2403
2185,1908
1602,157
2423,2344
1643,1072
1213,1054
1575,450
3496,2123
2443,1668
1437,382
2453,1738
2127,2933
2854,1080
2932,1340
2433,1919
2278,1615
2166,1716
2225,1640
2506,1917
4036,657
3481,2443
1410,741
2094,1801
1868,2978
2556,2244
2126,1802
2868,2407
920,2245
4023,729
1567,312
1235,1037
2706,1265
1306,2543
3556,2429
2774,2203
3227,460
2104,2677
2718,1493
3677,690
2062,1946
3690,1928
2117,1917
3477,983
3788,626
2613,2239
2832,705
2687,1582
3342,1813
2147,1806
1264,2092
1765,709
1016,700
883,2520
2181,1931
4095,680
1766,2561
2220,2029
1869,511
2685,1659
4457,754
3859,619
3253,543
2327,2492
2399,1487
2253,1895
1345,2525
3518,2457
2120,2884
2164,1633
2677,549
2884,1999
3176,1590
2706,1699
2812,1701
1257,668
1573,567
3521,2413
2418,751
1245,983
2921,410
2228,1980
1860,907
1876,2856
2414,3566
1282,594
1866,332
2479,307
4102,682
1733,649
1862,2854
2127,1957
2611,1829
2196,1904
2452,2826
1900,311
2014,570
2024,1728
2951,1924
1709,1054
2784,2499
2148,1729
1384,1161
2101,2491
2125,2820
2201,322
3457,752
1673,2589
2286,118
2666,1714
2137,2513
3516,1524
1477,606
2827,1364
2106,1698
2642,1957
1281,343
3830,2445
1861,1575
3823,3257
1885,480
1177,924
2965,1925
1560,829
3518,2465
2148,1901
1233,789
2501,2422
2369,1646
2719,833
2131,1801
2582,423
1881,586
3181,2355
3666,1913
2745,995
2461,2142
1312,868
3510,2461
2096,2441
2135,2872
2422,781
2161,1664
2016,442
2698,1524
2614,1412
4123,862
1944,437
2422,767
1321,2525
2161,1614
2531,701
1070,913
2249,642
3503,2378
3195,2314
3329,519
2435,764
1096,537
1070,913
1701,3186
3400,2433
2556,1167
4021,870
2273,1618
1900,1631
3797,2540
2668,548
1886,334
1534,1053
1207,2222
917,1927
2196,1983
1893,2959
2418,583
2832,1072
2124,1919
1883,2937
2194,2524
3716,3022
2538,319
1635,242
2613,2239
2188,1915
4099,678
3227,2408
1322,1001
1086,527
1197,959
1442,837
3430,1867
3767,604
2607,1692
2070,1801
2547,693
1188,2521
2086,2576
2129,2583
2500,369
3277,546
3702,1925
1874,1635
2699,1416
3720,3041
2912,551
2113,2698
2109,256
1317,556
2566,574
2370,1780
2050,1641
2783,1092
5216,1255
1396,858
1197,1028
1347,2525
4469,743
1905,432
1326,2340
2779,1098
2692,1812
2014,279
2030,2859
2719,336
2821,1922
3912,1846
4411,741
2045,2832
2547,686
2096,2743
1637,1041
5141,984
2783,1317
2248,649
3799,2386
1225,1072
1300,584
2163,1820
4448,912
1340,577
2139,1829
2079,2531
2447,1762
1198,929
3737,832
4485,765
1545,2568
2461,2594
1833,397
2684,560
1959,1629
3503,2449
2034,176
2685,1671
929,844
1198,1054
2160,1618
1724,731
1816,740
2008,556
3179,2359
1179,1005
2932,1345
2556,1469
2379,2540
2125,2807
2781,1694
2775,2021
1174,934
2877,2114
2047,1638
4301,752
2251,1998
2140,1668
2164,1815
1077,735
2704,1658
1195,591
2396,1373
2136,1963
2401,2700
2651,2170
2365,685
3468,1880
3520,2348
2834,1151
3326,456
2118,1840
2131,2918
3712,570
2567,1555
2858,2154
2254,2195
2247,1572
3440,1852
2161,580
1767,438
2061,1947
2055,1949
867,821
1828,437
2934,1710
3527,2215
2338,2391
2813,711
1572,824
1975,1634
2012,429
2167,1946
2901,1684
2202,1919
1199,1015
3493,2145
3759,902
1876,1747
2558,453
2614,1306
2366,120
3504,2004
2035,2716
1342,839
3510,2467
2533,304
1328,2523
2902,556
1073,685
2131,1791
4151,707
2251,1989
3455,1890
2064,1945
1982,307
2915,2070
2140,516
2248,2014
3505,1885
2249,2009
2499,1919
2645,2016
2538,683
3597,537
2158,2536
1808,75
4310,740
4886,1762
2578,580
2826,1689
2114,2787
5209,1515
1110,679
2847,1966
2003,235
1190,1072
3521,1189
2269,2034
5202,1240
2052,2847
2419,784
2046,2771
2628,1043
737,556
2650,2255
2174,1591
2362,1553
1876,2808
2575,446
5191,1241
2713,1242
2772,1697
1582,276
2175,1936
2530,1851
2401,508
2211,111
761,557
2140,1689
2754,553
3702,1974
2541,323
1309,2497
2066,1803
2454,1328
3856,640
3334,459
2860,367
2901,554
2712,1243
3829,3251
3094,2281
5126,1183
2525,1793
2343,1537
2192,1953
1296,591
874,2040
2939,1980
2022,1733
2880,407
4628,892
2051,2725
2647,2057
1607,1002
2282,123
2161,1715
2095,1686
2047,185
2145,1802
2150,1753
2128,1940
3537,1241
1590,276
2523,1692
3747,1927
1200,1019
2163,1644
2362,116
1187,1051
2123,1789
2372,1859
2449,1794
1588,2303
3937,2416
2700,967
2161,1607
1883,889
1575,701
3039,771
1661,2618
1751,311
2332,1787
1178,396
2941,1916
3607,904
2449,1752
948,2042
2284,122
919,839
2849,2333
135,1520
1864,320
2201,1614
2365,513
2255,2002
2904,1683
2092,2574
1575,606
1680,1009
2849,1068
1389,1054
2042,2720
1196,902
1780,692
2202,104
3629,553
1660,310
2252,2006
1000,2065
2127,2520
2071,312
2143,1735
4278,1425
1788,584
1419,1042
2316,601
5196,1481
1198,2247
2160,1705
1212,1061
2565,572
1330,569
2075,2741
1812,102
2349,1475
1855,1690
4087,683
2574,435
933,544
1288,325
2775,1315
1661,601
2538,702
1266,1044
2850,2045
2462,1314
2765,2497
1041,503
2609,1370
1767,2609
875,989
2273,1688
2003,441
1194,949
1802,259
3422,2432
1617,1038
2118,2622
3788,2381
2073,1659
577,636
2614,1496
2102,3012
4023,759
1875,433
1920,1692
2317,297
2165,1930
2112,305
2277,129
3898,708
2713,1243
2149,2571
2895,2746
3315,2443
2574,591
2517,1408
2815,542
2151,1956
1826,2567
1196,989
3280,471
1192,1051
1199,642
3852,644
1203,1054
2274,1621
1881,1686
3483,2450
1876,817
1308,846
2387,1490
2745,748
2237,2007
1653,3156
1672,650
2656,1820
1508,842
1293,621
2969,1702
1706,1033
3778,627
2908,407
2161,1837
1811,308
2579,408
3282,489
2547,573
1101,426
2181,1917
2926,1696
3155,1715
2003,466
3784,2602
881,2516
2183,2462
2036,2452
2081,1685
3713,1929
1200,1057
2622,1792
2156,1597
1611,802
4040,658
1239,1002
1366,838
2256,235
3551,2434
2749,1470
2271,1620
3265,2531
3313,462
3464,539
2004,279
1439,607
2185,1853
2721,1694
3279,471
2998,553
2208,1594
1662,312
1751,704
2351,110
3005,549
3264,2690
2059,1933
2618,1410
1222,1067
2723,1694
2258,2040
2600,1794
3268,2636
996,2064
1555,293
2093,2572
2074,2326
3471,1895
1536,1042
2153,1977
1616,2572
1324,576
1197,903
1884,888
2099,2802
2176,1922
1188,398
2251,2000
2546,701
2284,510
2120,2972
2614,1497
4488,743
2077,2756
1190,947
3322,2132
2175,1934
3156,1905
2604,387
1890,1611
4194,1128
2300,106
3260,546
1860,1572
1362,1002
3023,2211
2748,546
2575,499
2446,1896
2732,1916
1584,432
4314,1250
2651,2226
3423,2146
2413,1917
2875,552
1385,514
2185,1908
2354,1919
3764,901
3047,548
2132,1909
2669,999
1657,3164
2538,702
2137,1750
2591,327
1215,1067
1189,937
1895,303
1113,446
1863,2836
1837,513
3455,1867
5040,1521
2250,2040
1679,2774
836,2240
1257,1038
1850,89
2758,1696
2878,2143
1541,1004
1756,2567
1199,987
3033,776
2379,1560
2459,1410
2209,271
2807,707
3315,461
2164,1599
1397,962
2977,2013
2308,106
1823,3
2286,1746
2110,1810
739,556
2433,1960
3676,800
2083,1694
2137,2731
3511,2461
1684,2504
5028,1532
2176,1934
1600,284
1031,489
2001,400
2125,2823
1555,310
3700,565
1277,837
5216,1446
1028,702
1740,596
2151,1963
2879,1691
2175,2531
2583,549
3557,742
2880,552
1182,968
883,2253
1487,606
2916,2056
1882,897
3768,2446
2783,1084
3282,536
3529,1918
2118,2799
2276,263
2362,685
2074,1800
922,2043
1172,2233
976,511
2725,1693
1881,315
1310,603
3548,2448
1868,2978
2955,769
2266,246
1779,601
2407,804
1934,1748
2556,1469
1474,682
3814,2000
1875,1701
2122,1840
3497,2452
2171,1895
1999,258
1231,852
2010,590
2324,106
2146,1893
1649,2845
2165,1669
1337,1039
1880,2550
3320,427
2151,1689
2580,386
1811,308
1649,310
2252,636
3200,2373
2461,2198
2404,469
2628,1427
3056,1996
2059,1933
881,2336
1436,541
1568,826
1656,2813
2833,1695
2126,2586
2256,2142
3174,751
1181,405
2833,1368
281,1515
2824,1706
1277,837
2635,1698
1213,1065
2136,1963
5043,1515
1863,2988
3668,768
2233,607
1769,1061
2533,307
1246,1054
2420,782
2368,510
2780,2066
2032,2583
2856,1900
2606,1524
2614,1461
2373,3570
2881,545
2369,2650
1335,272
1324,1002
3623,1041
2704,1667
2413,591
1965,1630
2271,2207
4109,683
2251,2000
2158,2233
1190,1072
2251,2000
2533,306
2982,538
2361,1547
2788,1306
1212,375
1882,2907
3493,2147
4882,1042
2648,2044
2056,1642
2649,810
2322,694
1367,1039
2281,599
1216,996
2278,1615
1345,959
2360,1879
3538,2205
2785,2062
2366,119
3675,867
2176,2045
2080,1687
1726,2569
1026,642
2146,71
2855,2037
1976,1633
2303,105
1294,785
2015,443
2352,117
2119,2713
2288,587
2491,1240
2142,1943
2920,1995
2900,1962
1666,1472
1274,1001
2269,1613
1552,602
2362,1549
1674,990
2233,595
2009,317
2835,1057
1396,498
1872,2977
2411,1810
3702,2956
3831,2446
1880,2907
2075,2741
3438,2428
2128,2612
2861,2063
2170,1923
1829,120
2410,803
2881,545
2518,1309
2679,948
1307,563
3126,2025
2094,314
2578,398
3800,2611
2566,570
2579,572
3708,626
1696,949
967,1030
2647,2180
1236,1087
2015,442
2164,1682
2249,1998
2324,696
1627,1002
1970,1590
1878,518
1887,412
2136,2733
1869,2599
2483,371
2312,1761
2253,605
4018,863
2298,2522
2329,110
2299,251
2405,3575
2590,1552
2650,1724
855,556
1807,106
1199,905
2710,1269
2290,111
2419,3579
2541,1794
1196,1044
2916,548
2566,1574
2058,301
2689,1573
1030,476
3802,2607
1356,561
2773,1694
1314,2505
2610,995
3015,2211
2044,183
2672,2087
3805,2513
3280,471
1764,431
3318,2443
3492,2039
2846,1346
2530,687
1227,1079
2865,1922
2851,1341
1200,907
1587,307
3506,549
1378,742
430,647
1656,2680
2538,287
2233,609
1658,1042
2534,701
1904,465
2869,407
1756,1039
3542,1894
2273,1618
3409,2429
2184,2430
2681,1570
2769,2203
2830,704
1941,1686
2914,1681
2543,685
2176,1580
1172,391
2039,2584
3537,1044
2546,701
2589,303
2847,618
2768,2066
2372,267
2006,1747
3565,539
1760,2567
2783,2078
1881,351
2862,549
1197,2241
1041,490
2364,2762
1672,767
2249,2012
2189,1842
1311,838
1197,2234
4023,762
2855,2058
2155,1739
2354,2134
2618,1920
2369,1380
1675,2544
2850,2007
2607,1802
2128,2038
2978,545
1684,2504
2145,1689
2538,288
2122,1755
2164,1643
2266,588
3825,2449
3094,547
2591,302
3491,2037
1200,995
2247,524
2270,1546
2880,557
1654,765
2524,579
1488,116
2836,1726
1972,1630
1359,602
2116,2916
2711,1274
4019,702
1038,484
2546,310
1474,747
2532,3499
2066,1653
881,2336
1122,561
1438,401
2076,1802
2106,2581
3902,826
2120,2704
2249,2012
2797,1554
2451,1582
2851,1992
2396,1639
2248,2004
2134,377
1881,2597
2350,1796
3518,2464
2432,3057
2553,1693
2011,245
2200,1839
1187,917
1199,999
3524,2252
2175,1586
2756,1596
1370,242
2239,1557
1992,1587
2285,690
2061,1950
1894,326
1200,1021
2896,1708
2464,1316
1200,1017
1169,1075
2990,1693
2144,1946
3706,2300
2410,376
1199,865
5003,1071
2270,1546
2670,946
2095,2761
2959,1970
4189,744
2973,1707
5138,1183
2576,1920
1190,1072
2008,424
2034,2550
1885,634
1807,107
2535,2685
1606,285
2296,1354
4303,746
1244,1037
1875,901
1742,1111
1779,1645
2247,2015
1421,834
2649,1993
2146,1694
3964,620
1739,525
2567,1959
2313,106
2722,337
2152,1979
2806,1508
3125,2298
3554,2240
1883,890
1454,1043
2246,1629
1301,834
2878,1928
1322,579
2369,699
2018,174
2193,1983
3333,446
1602,738
1151,1070
2703,851
3505,1928
2591,518
1585,811
3769,3291
3517,2413
2198,1976
2990,388
2440,1689
1425,1039
5176,1218
2373,1564
1447,478
1023,497
4737,1389
2272,1622
2295,1377
3510,1935
1674,984
2453,1330
2452,1380
2268,1609
1579,530
2249,2002
3239,1903
2914,1681
1323,2526
1782,3078
3527,1161
2589,561
1195,596
2657,2236
2071,1692
3001,1708
2715,1243
1193,1057
1014,499
1876,2833
1875,901
2439,1958
2461,1315
3191,2380
2272,1617
1807,110
2057,1689
1014,499
2233,1724
1953,618
2249,2005
2066,2623
1275,338
2199,1940
2060,1655
3972,1823
2251,487
2275,1615
1546,2568
2422,2344
2797,1339
1643,601
2708,1263
3198,2373
3330,440
1712,3176
4985,1266
3177,1516
4014,873
2511,593
2902,1684
2817,1315
2413,3566
1562,820
1413,742
2148,1941
3024,2218
2383,1382
2449,1762
1808,2572
1561,801
2464,3490
2105,2671
1386,744
2745,555
4879,1511
3007,1700
3670,827
1923,749
1859,877
2778,1700
2134,2737
2840,1706
2737,1310
3178,2361
1889,486
2648,1952
2253,1897
2087,2584
5207,1230
1352,738
2126,2726
2096,314
1882,2579
3580,2583
2004,161
2073,2513
2188,377
2875,557
1798,1321
2228,1791
2246,1629
1876,2840
2537,320
1936,1689
2186,259
2167,1931
2185,1908
3518,2460
1583,742
2364,590
2598,699
1195,559
3252,460
2905,415
1985,308
2000,538
2487,1691
1012,807
2087,1679
2836,1713
2056,2842
2366,121
2105,268
1885,883
3464,544
2851,1080
1719,2319
2839,1063
2647,2057
2102,1802
2364,1869
1157,1016
2902,2430
2112,1837
2555,1917
1325,1001
3985,1814
2117,2801
2749,2515
1200,1028
1583,429
1527,741
1569,1076
1815,1684
3276,2782
3458,546
3542,2267
1356,828
1122,422
2758,2243
4314,1250
2736,1312
1276,340
3168,2369
3551,2210
2254,2387
1264,842
1573,658
2051,2841
1572,321
2457,1407
1675,589
1985,1587
2576,495
1234,854
2148,2503
2247,2008
1798,317
1666,3168
2775,2004
1671,1038
2326,1960
2370,1781
3491,2130
2932,1332
2216,2535
1688,3171
2000,590
1234,842
2278,1615
2230,1714
1302,577
3674,574
1346,572
2243,1731
2251,2092
1212,1063
2808,764
3505,2020
2127,1717
3519,2456
2639,2212
4623,883
5045,1515
1829,813
3714,584
2292,108
2652,1995
2941,1915
2544,1538
1219,1070
2566,579
2587,1698
2701,990
2010,114
1221,1040
2652,2024
3788,2426
2166,1603
2269,1613
2139,1938
3427,487
3458,750
3278,461
2241,519
1919,613
2720,828
4998,1082
1200,1022
1199,904
3674,576
1307,570
4309,1485
2359,1793
1545,1038
1128,564
2282,1794
2199,1548
2032,1752
2257,512
2008,1750
3975,662
2644,2077
1997,499
1465,126
4411,746
1884,1595
4238,738
2123,597
2122,2738
2450,1752
3226,2417
1513,998
1886,1642
2785,1915
2855,2032
2159,513
1251,678
1377,232
1876,2832
3566,3337
2369,1780
2846,1913
2052,587
2767,1980
2528,696
1437,523
2192,1539
3787,2288
3514,2460
1774,2566
1200,1023
2074,2580
2595,1687
3023,2210
2454,1707
1191,842
1805,436
3539,742
2024,1738
2491,1917
1235,1037
3700,2954
1199,905
2378,2818
3550,541
2112,2727
2185,2431
1248,741
2065,2824
1775,2564
3669,865
2181,1801
2526,308
2681,553
2767,2233
2900,1961
2163,309
3042,542
2126,3008
3268,2636
2695,1478
2030,2616
3246,2418
2151,2583
1639,2555
3509,2339
1898,436
1375,234
2616,3431
1320,574
2684,877
1731,595
1212,1121
1724,305
2834,1151
2615,1493
1713,601
1597,273
2393,1770
2292,500
2165,251
3265,511
1875,429
2284,130
1919,600
2097,2625
1202,1011
2974,437
2209,246
2538,1692
2143,2593
1881,2552
4311,791
2753,1960
2013,166
2311,106
2407,1659
4023,761
2809,707
2965,1920
2535,299
3326,463
3919,867
1930,1693
2445,2063
1268,836
2689,327
3221,2295
2545,571
1198,1039
2037,1775
2314,516
2571,3551
4300,886
2008,170
2413,580
1401,939
2582,512
3984,1096
5215,1244
2792,552
2996,389
2364,1875
1591,739
1200,1053
2253,2009
2928,1919
2197,2316
1371,240
2398,465
1773,780
3771,2484
3301,1903
1029,541
1690,996
1876,2857
2042,1688
1888,2778
1327,597
2564,1157
2582,496
2127,2877
2329,1796
1179,401
3439,2436
4976,1082
5057,1652
3770,2443
2349,372
2124,1781
3518,1878
2276,1616
2007,160
2397,3570
2244,403
2184,1804
4312,2811
2186,1917
3000,554
2509,2141
3533,2239
2247,538
2646,2195
5049,1515
2094,1687
2127,2605
2328,1853
1875,808
2654,2183
3239,1902
1865,2978
1876,827
2750,750
1692,3199
2461,2612
2835,1687
1346,962
1200,989
2249,2022
3678,620
1189,837
2120,2984
1652,3045
3638,2744
2884,554
3493,2147
1117,1040
2113,2697
2609,1701
3246,2417
1678,98
1278,595
3315,461
3501,1495
2529,1178
2350,114
2895,2102
2282,1802
1402,741
1390,616
4470,758
2004,161
2558,1792
2919,1684
2363,1769
3533,1896
2371,2211
2234,1753
1765,1032
1882,843
2449,2086
2837,698
2008,487
2441,1657
2603,1415
2562,3496
1882,2551
1445,1125
3619,1619
1219,1035
2573,506
2292,231
2309,1792
1555,310
1600,286
2781,2000
2282,604
1575,672
2367,1920
2407,121
2783,2062
2285,1785
1442,593
2904,1683
1891,2975
2493,1243
2878,410
2272,1618
1845,199
2011,502
2280,1750
2740,2241
2702,1702
2774,1696
2645,1037
2837,1373
1807,112
2774,2205
1657,1037
1801,145
2535,315
1676,315
2690,1459
1885,2979
1190,1050
2156,1976
1874,324
2400,3580
1647,311
2552,698
2868,407
2938,1519
1142,568
5067,1134
2943,1531
2543,302
2768,2067
2122,2918
2678,942
1199,1047
1666,2560
2782,1317
3311,532
2663,963
3186,1599
2783,1020
3480,1889
1194,408
931,548
2173,1930
1582,806
1586,305
2598,699
3331,437
1624,1038
1884,802
2007,492
1811,99
2486,1696
1684,2576
2100,2707
2086,2573
1591,3115
2138,1898
2283,131
1807,1027
2539,1692
3417,2447
1874,2624
1665,770
2393,1375
4108,706
2785,2064
2877,548
1285,999
1453,842
1861,1690
1200,1023
872,2691
2952,1960
2579,463
5013,1076
1843,2546
4960,1066
2600,1798
2095,314
2523,1515
2500,1303
4065,777
4297,844
2874,557
4883,1491
3275,2429
2949,1922
1876,2821
1201,590
2923,1518
2556,1469
1887,354
1875,901
2196,318
2837,2399
2122,2899
2767,2215
983,507
2282,237
2095,1689
1875,511
2277,2199
2850,2237
2966,540
2750,340
986,520
2774,1985
2617,3444
3824,645
2321,512
2822,1468
923,834
1012,2061
2290,111
2883,556
1891,1658
1571,494
1861,2854
4340,754
2610,1374
3528,1912
2818,1476
3936,863
2331,110
2457,1349
2623,1302
2512,1919
855,556
1605,1003
1309,2615
1653,3043
5203,1511
1603,155
2373,2763
1091,2150
3528,1925
2571,2419
1200,1065
2526,692
1161,1012
1880,419
2392,1376
1275,327
1196,903
5195,1295
2870,408
1356,598
2600,548
2351,166
2045,1752
4482,776
1584,734
3514,2331
2959,1921
2449,1665
1667,310
1870,2618
3676,740
2154,510
2788,1315
996,2064
1467,1038
2963,1931
3766,3277
2145,1806
2113,1839
2456,1551
1671,311
2134,1801
3031,384
2961,2184
2469,1794
3483,2433
2447,2277
2652,1873
2247,1988
1875,2759
2182,1924
1680,2586
2538,320
1032,488
2850,1342
2240,1774
2906,1338
2296,1377
1740,1602
2823,1698
2613,1487
2054,1641
1446,353
1200,2233
2004,268
1196,685
3519,1519
3908,1848
2566,570
2031,2592
555,861
2903,418
1410,486
3523,821
2941,1571
3527,2231
3166,445
2757,2237
1199,1037
2220,1933
4009,649
2077,314
1607,1039
2369,494
1576,306
2549,690
3329,441
1360,2539
1305,2537
3282,461
2222,109
2856,2391
1942,662
1884,900
2144,2582
2707,1699
2038,2507
3498,2122
2695,1537
1325,2556
2648,2086
2742,737
2195,1832
1662,2571
2965,1921
4041,661
2182,2525
3985,619
3226,540
2579,519
1871,336
1879,501
2783,1102
2167,1931
2377,113
2801,1515
1674,986
2605,1697
1199,982
1989,2455
2664,960
967,522
1200,1051
3503,2419
1163,2231
2024,2504
1128,578
2659,1152
2839,546
2773,1920
2971,2177
2292,549
2061,1946
2825,1706
1199,904
3481,2450
2218,2534
1381,842
2120,2903
2058,2566
2095,1687
1536,311
5124,1681
3609,888
2317,610
1492,315
1666,735
1451,568
1323,576
3116,2057
247,1658
2984,391
3196,2376
1574,807
1692,3199
2338,1541
2143,279
1462,1038
2524,696
2822,2045
2606,1916
1353,1042
1324,577
2112,1834
3481,2440
2532,1181
3432,2427
1204,766
1874,1691
2391,3587
2365,1399
3533,2348
1668,2519
2123,1764
3700,2950
2185,2767
1661,775
1091,1098
1733,1118
2156,1981
3637,549
3007,1700
2246,2063
2157,1980
1195,954
1222,850
2758,2243
937,837
2122,2843
2817,715
2264,513
2869,2067
3275,2438
5051,1133
1623,1195
1979,1688
1906,15
2280,317
2357,121
2471,2210
4111,707
2054,2672
2140,1942
2166,2408
2395,2422
1757,1686
1215,372
1901,619
1842,695
1326,593
1412,485
3858,638
2847,1988
1893,12
1788,2902
2173,1588
2273,1912
3520,1520
1471,975
2811,1697
3671,760
1707,600
4302,988
2793,3210
2616,1283
3760,597
1481,120
1197,954
1879,2848
2266,516
2314,286
1819,93
1934,1751
3023,1713
2414,573
1377,744
2577,375
2313,608
1033,702
1310,1042
2911,542
1829,1615
2164,1658
5141,981
2120,2661
3763,588
2526,307
1301,834
3511,1492
1864,185
2901,1689
2547,691
856,897
1876,817
1872,1646
2160,1662
3429,319
3265,2531
2549,1936
2854,1336
2127,2881
2995,386
2445,1321
2248,480
2983,393
1349,261
1868,2605
3517,2023
1601,281
2903,1689
1575,518
1070,722
2653,1967
2854,1064
2746,357
2452,1445
2122,1844
2106,1700
2249,2014
2269,1550
3261,2567
2157,1801
1442,605
2277,272
2039,2620
4079,855
2535,1692
2629,1333
2084,2775
3644,2433
2321,112
2177,1582
1228,1071
1655,3165
2129,2816
1784,435
1535,846
2145,1824
2652,1812
2706,1265
1706,1037
1710,602
2181,1919
2161,1627
1281,338
2847,1067
1184,1054
1202,1013
2004,161
2809,1512
931,826
1330,2526
2157,1794
2020,626
966,522
2717,1961
2166,1583
5194,1521
2111,1702
3052,1915
3638,2744
1361,838
1933,1748
2085,1801
2068,1692
2797,1920
3696,570
2719,1693
2577,560
2190,324
2446,1985
1625,2529
2763,2238
2471,473
2146,595
3855,618
1319,2498
3178,1514
2839,637
3121,2334
1885,2551
2849,2227
2420,603
3492,2377
2779,1097
1815,314
1216,1069
2262,1698
3557,2430
3330,457
1504,838
2140,1668
1226,2188
2047,1633
4895,1484
1195,646
2006,315
2611,1860
2427,2420
2527,1921
2092,2577
1324,999
2056,1688
2763,2238
4477,1085
2206,289
2511,1916
2565,2239
2721,847
999,508
3329,424
2274,1622
3778,2443
2094,315
3511,2009
2267,1618
3747,3232
2868,543
2670,963
2647,2175
2728,2243
1427,406
2220,1933
1877,407
2648,2105
2446,2018
2161,1778
2021,2583
2790,1705
4163,1717
2567,582
2850,1914
2643,1685
1876,2834
1188,1040
1876,1752
2292,1400
1818,1691
3274,481
2809,2141
2001,643
1625,2451
1200,1053
2163,251
2001,587
1834,189
1177,2236
2515,1919
2293,1917
1913,1684
870,923
1204,992
996,512
1334,2522
3033,385
2896,1708
2547,307
2327,694
1879,2610
2276,563
2983,1911
1896,14
2934,1700
3559,1742
2704,851
1670,99
2417,2415
1820,599
2175,1924
2606,1315
2792,2727
2342,129
2370,681
2655,1819
2822,1337
1715,872
1562,807
2022,1743
3792,2506
1653,2857
1816,93
1672,2565
1188,1049
2699,1416
3513,2452
3601,1018
1829,1602
2236,1604
2446,2542
1199,659
2222,109
890,2045
2818,700
3764,728
1881,1720
1322,583
1357,839
1212,960
2647,2150
1000,508
2366,119
2644,1511
2917,2070
2121,1756
2840,572
2768,2023
2095,1688
3763,593
1972,1587
1047,504
1629,2571
2279,1795
3480,2440
1930,1693
2790,2040
1384,1039
2819,1510
2443,1343
3326,463
2269,2382
3497,2451
951,537
2443,2088
3254,1720
2607,1638
3777,2451
2011,421
1362,249
2105,3344
2873,1608
2158,1690
2850,2007
1574,622
2351,113
2139,1690
2236,619
4023,649
2470,1919
3075,542
1375,232
2241,2030
2579,3388
3127,2346
1120,444
2243,2029
1882,594
571,596
2439,1916
2303,2429
3782,597
3286,2717
2126,2737
2946,1326
1801,115
2566,1576
3775,2467
1330,565
2293,450
3679,913
1319,2499
2799,363
3601,908
2119,310
1289,1042
2694,1815
2948,1667
2276,272
2009,379
3323,436
2003,410
2615,1461
2004,268
2130,2661
1867,309
1998,1688
2356,117
4022,869
1884,924
876,2343
3333,437
872,2040
1914,1684
3315,2442
2065,2621
2926,1155
3407,2422
1325,594
1736,2571
2007,585
2247,580
1579,419
1490,1042
2349,116
2108,2732
2161,2532
1201,869
2163,1828
2242,250
2268,1613
2352,112
2856,2401
1672,2538
879,558
2193,1961
3411,2429
2154,1982
2880,557
1849,2547
1497,1043
2609,1488
1303,909
2443,1635
3313,1759
2955,2188
2118,2772
1295,1039
3794,2376
2778,2400
1675,603
2279,317
2907,393
1251,668
4026,646
1497,316
2358,1796
2803,1506
1873,315
2408,1665
1517,820
1573,488
2653,2188
2209,1696
2138,1750
2454,1961
2517,1689
2191,1914
2251,2012
2695,1590
1662,2561
2118,2788
2066,1658
1983,1688
2499,807
2714,1692
2280,129
2490,600
881,2424
2917,2043
3782,2450
1192,1023
2800,1828
3671,625
1193,1017
2323,665
2147,1804
1320,574
2968,1602
2262,2561
1579,548
2946,1326
1572,573
2116,2728
2376,1388
3681,760
4887,1488
1309,562
1783,862
1807,671
3497,2452
1194,922
2129,1940
2610,1366
2920,2073
3781,3016
3786,3328
2177,1938
1169,2226
4154,727
2053,1689
2691,328
2402,1767
2144,1956
2787,2063
1938,1696
1221,367
1578,690
1515,1046
2135,2590
2396,3370
4291,856
2148,2514
2251,2000
2538,321
3974,1814
3202,2377
2451,1896
2484,1252
2130,1773
2855,2055
2248,303
3429,321
2000,1591
2363,1767
1196,1000
1327,2556
2531,585
2226,1595
2083,272
2333,113
2185,2431
2135,1957
2918,1694
1463,137
2864,2078
2121,2936
2241,2529
2288,489
2242,308
2272,315
2570,3491
2163,1707
2161,1614
1861,1690
2149,2585
1544,87
3510,1936
3528,1054
1195,1023
2158,1604
2753,559
4296,746
2463,1316
2185,1908
1969,1633
1187,403
1576,702
2768,2021
2124,2797
1214,1079
1374,1038
982,512
1871,94
1253,1042
2262,598
2259,1641
2766,1947
2043,2722
3550,1700
2489,1248
4986,1536
1308,958
2562,1791
1827,1645
3375,2433
1953,1707
2857,1829
2586,549
1894,1702
1212,382
1846,635
2907,1681
3524,411
3481,2443
3814,2000
3323,444
2183,1846
1528,837
1278,600
2747,344
2249,2067
1846,2976
2280,1711
2243,1607
5095,1156
1198,622
1308,308
2551,3596
1056,2592
1008,490
1309,2490
2722,842
1512,859
2571,1797
2020,1750
2008,83
1517,840
4586,2410
3782,1920
2078,268
2241,1732
2122,268
2932,461
2281,1617
2025,1749
2343,2492
1313,582
1187,936
2154,1693
2448,1843
758,643
2009,379
1991,2468
2044,679
2450,1651
2550,304
1349,568
3509,2009
2749,339
1653,2691
2722,555
1728,306
2776,2243
3481,2447
2359,1762
3044,549
1189,409
1074,724
2290,1960
2044,1636
1310,2478
845,2001
1514,104
1867,442
1846,422
2532,305
1048,501
2415,2410
2247,2021
1393,843
3242,1092
2185,1693
3354,1446
1199,905
1077,736
2875,552
2892,1949
2724,834
2059,1947
5228,1264
1828,523
1788,967
3325,462
1201,837
3025,2214
1500,315
3021,782
1519,997
1846,740
1311,2519
1896,13
2139,1802
1681,22
2824,1961
933,544
2698,966
2486,1696
2481,1691
1200,1018
2182,1929
2174,1585
3331,446
2271,2025
2783,1023
5143,1186
2445,1312
3503,2406
2588,301
1749,176
2010,154
3505,1997
1280,1039
1604,601
3820,2439
1884,537
1266,1040
2028,741
1201,865
2203,308
1154,783
1614,737
2164,1673
2101,1801
2093,1695
1934,1748
2820,1023
1912,752
3857,664
2242,582
3497,2166
2207,2166
1089,596
2808,708
2283,2209
2039,2576
1425,1060
1438,390
2247,2029
2320,112
2593,1516
2204,1765
2536,914
3984,1844
4039,646
3180,2362
1198,1046
2207,1704
1889,345
2249,2012
2806,1119
4071,852
1194,1011
1819,617
1363,878
3692,567
5195,1233
3121,2307
3310,656
3284,2436
1883,1593
1693,597
2697,913
2789,379
2402,2425
2077,2771
2389,3566
2181,1916
3188,2290
2089,313
2561,365
1194,411
4455,912
2165,1613
1692,603
1740,1602
3850,646
2850,2007
1034,703
1076,844
1893,2953
2612,1512
2441,1679
2690,1459
3553,1611
1228,354
2948,1983
2286,1917
1198,1059
1768,444
1467,676
2251,436
2386,489
1570,453
2087,2572
1890,350
2173,1590
1327,597
2159,1677
1728,316
3516,2023
2594,380
2164,1632
3314,679
1688,3174
2217,1598
2218,1579
904,868
2856,1836
2552,3468
2266,1618
2855,2064
3265,2633
1267,899
2154,1604
2186,1924
2262,1644
2170,2681
2207,1976
880,2358
2515,593
5065,1138
3495,2120
1684,312
1202,1028
1942,1749
3457,753
1013,503
1863,1708
2438,1920
1034,487
2713,965
2148,2503
3299,538
1596,279
1277,337
2747,1704
3548,1701
3149,546
2653,1847
1200,995
2449,2108
2848,1687
4082,861
3974,1822
1386,994
1199,773
1725,596
2666,1716
2765,2248
1607,161
2617,1794
2051,2722
2627,2247
968,529
4006,1059
1199,909
2417,2378
2864,2139
1274,337
3767,907
1199,836
2172,604
2213,266
2997,1699
1322,1040
1643,1072
2249,1998
1190,1072
1003,1028
3478,546
2526,2000
1207,882
2014,576
3698,579
2065,1693
3213,2380
1875,425
2813,2238
2082,1694
1574,755
2147,2592
3102,531
2753,747
1035,679
2057,1691
2277,1658
1761,315
3790,601
1806,150
2140,1943
3220,2295
2158,1690
2398,1777
3792,2405
2160,517
3800,2558
3503,2445
1651,29
1326,2342
3415,2441
873,2334
1372,240
3501,2130
2710,1267
2985,387
3047,1712
1861,1690
1223,1068
2147,1834
3543,742
2982,538
1646,736
2905,421
1754,1686
2542,310
2130,2811
1352,961
2175,1586
1199,995
1713,494
2477,2691
2512,1919
2839,1379
3516,2453
2849,538
2285,1768
2758,2243
2790,2215
2169,1589
1876,2857
1273,334
1195,596
2510,3488
2067,2623
2281,1731
2767,2529
2912,2031
2416,603
1235,957
2542,561
3981,625
2452,2351
1675,2544
1319,910
2885,2137
2547,695
2249,297
2500,1577
5159,1199
2660,1195
1225,1072
2249,2012
1862,310
3496,2175
2245,1915
1612,596
3023,782
1441,380
2136,260
1289,1042
2910,3577
1844,1759
2754,339
2285,1734
1321,2336
2253,1895
1872,1744
1525,2298
2624,1486
2450,1635
2008,1752
1478,884
1285,324
1879,2641
1047,486
2062,303
1853,1710
2341,2000
2149,1689
2003,437
2765,2226
1316,1039
4305,2713
1466,901
3683,906
2835,1710
4161,715
3368,1261
2834,1318
3651,2431
2894,1913
2961,1881
2347,2196
2975,383
2119,2833
1031,474
2006,1688
2168,1694
2765,1702
1275,844
2144,1881
836,849
2701,868
2014,279
2064,271
3191,2367
3149,1900
1911,2971
1155,1060
2467,601
2058,1645
2851,2079
1837,198
2252,2255
2993,1706
3199,2360
3777,2442
2280,260
3525,1058
2145,1754
1674,110
1012,701
1369,242
2265,238
1997,499
3973,1822
2122,2693
2638,649
1784,1686
1578,427
3113,1001
3837,607
2902,1679
2630,2249
1578,608
962,2042
2855,1972
3641,1910
1202,1042
2757,2244
2702,1318
2519,1519
880,2379
1890,1620
2756,2077
1974,1587
2348,117
2949,1706
2007,587
2452,1403
2855,2047
2573,422
3560,539
2996,1942
2705,855
2534,299
1603,263
1202,1023
1198,1044
1451,467
1025,496
3232,3448
1886,315
2968,383
2306,2134
1265,671
2700,2145
2768,2002
3521,2254
4474,994
2010,153
5175,984
3484,2449
1483,838
1310,2541
1374,2528
2170,1916
1138,574
1959,2744
2214,1598
2714,1692
2257,2021
2607,1849
4300,895
2275,1666
2249,2001
1868,2602
2252,459
3547,1687
1412,273
3496,2440
1540,755
886,2273
2893,1682
2247,256
3972,622
2340,119
1579,763
2063,1949
2410,537
2279,1618
2858,2063
3494,2134
2535,295
1321,586
2179,1581
4192,745
2662,3581
2107,248
2647,1003
2273,1612
1672,2621
1924,1631
1730,1010
3906,724
2954,1697
1966,779
2531,702
2156,1604
2781,2000
2254,2024
1573,564
2529,1840
1578,615
2655,1841
2275,1696
2649,997
2651,994
3771,632
3676,652
2195,1919
2445,2091
2063,1945
2366,685
2450,1940
874,2353
3447,1681
3531,1173
1317,555
3504,2377
928,825
2416,613
3059,535
2785,1113
1867,2775
2272,1618
2183,2462
2608,1527
1588,279
1329,592
2022,1740
4874,1179
3375,2433
1246,1031
1433,1217
1192,2793
2764,2247
669,610
1837,885
2278,1616
976,1840
2359,1547
1198,990
2364,2499
1792,477
1609,813
1881,578
3281,474
2593,324
3696,3289
2232,1802
1007,505
2164,1710
3281,2432
2624,942
2728,2952
3326,515
2130,2767
2221,1594
2004,250
1506,312
2446,1453
2153,1831
1317,1039
3517,2412
1918,1627
1264,838
2578,397
1197,957
2543,1681
781,1947
2815,704
2578,396
1477,685
2438,1940
1794,911
2118,1832
2809,704
2757,1605
2983,1711
2198,1914
2278,1615
2252,565
1401,683
2784,1099
2945,1696
4569,2428
2276,261
1678,22
985,510
3704,2301
2366,1809
2765,1317
2074,2694
1200,892
1173,2232
2631,1712
2979,538
2160,1778
1957,1706
3281,468
2138,2860
2984,389
1761,1035
2234,1679
3519,1518
1449,1038
5198,1505
1876,1764
3856,647
2659,467
2457,1314
2151,2038
1460,137
2558,321
2006,361
1608,1038
3499,1050
2280,319
1245,1031
3279,465
2919,1682
1124,565
4884,1041
2184,1922
2463,2603
2827,1469
2326,693
2892,1681
2610,1358
1767,601
2846,405
2767,2074
2370,719
1539,740
1313,592
2014,265
1792,772
2943,2162
4477,689
2840,1707
1906,15
1876,518
2349,165
2936,1516
1581,279
1198,844
1557,738
2123,2918
2848,2331
2715,2090
3986,610
3497,2449
1976,1638
1477,124
2675,949
1210,1067
1347,1039
2963,2188
4897,1878
2158,1689
2534,298
2407,1887
1513,1044
4091,694
1923,1631
2766,1994
1791,89
2036,2719
2777,2075
2606,1682
1357,1042
1196,413
2164,1717
3503,2406
2636,2195
1202,391
2209,1700
1676,3168
3786,3272
1171,842
1382,269
2247,2021
2261,1382
2416,765
2115,2728
3551,2431
1662,2701
2027,2297
2555,1154
2838,1380
2066,2615
2721,2127
2073,1747
2206,1568
2164,1791
2698,706
2400,1675
2608,1664
2703,951
944,1867
2776,2397
2156,2572
2014,586
3714,584
2952,1689
2609,1125
1029,754
2908,425
1747,445
3493,1886
2034,2722
1883,2932
2147,2516
2005,150
4019,863
3250,545
2122,1837
1197,1021
3909,828
1303,602
2607,1897
5023,1530
2276,1657
3631,548
3490,2432
2786,1098
1270,959
2778,2074
1133,565
1199,929
2236,1654
2545,576
2178,1917
1317,587
2231,1707
1130,565
920,841
1828,7
1973,1587
3577,352
2241,2010
1231,999
2224,588
2714,2543
3478,986
2635,560
2506,368
2220,1933
2675,986
2768,2030
2194,1921
1669,2577
2161,1730
2523,1696
1920,594
2251,393
2773,2319
737,555
3527,2231
2573,434
925,2048
2136,1963
2267,1618
2185,2430
2135,2038
2900,421
1954,521
2228,1795
1367,1045
2544,328
3496,2092
2944,1915
2798,545
2164,1765
2166,1550
2289,467
3010,1699
1834,527
2202,313
3497,2182
1584,776
2185,1962
1277,337
3923,2318
2480,1569
2284,1375
1605,109
1185,402
2168,1931
2362,1952
2847,2081
1576,60
1871,336
3638,2744
2393,1646
2644,2240
1880,2828
2854,539
2856,1083
3673,1914
2549,3508
2743,2138
1286,2332
3337,436
2039,2604
2850,1070
2629,2060
3388,546
4876,1582
835,2027
1804,1684
2663,961
1848,1638
1631,1038
1861,2986
914,838
2741,510
3850,605
2643,2077
2615,1450
1897,2957
3334,433
2947,1690
2089,302
2431,1919
2530,1825
1876,745
2485,1696
2294,504
3181,1683
2126,2662
4122,2913
1993,1587
2848,1331
2293,435
1301,834
2126,2677
2008,213
4972,1256
1357,1002
3604,917
2274,1616
2120,1694
2841,2113
2150,1802
2550,690
3630,541
3689,3431
2994,519
1997,499
3794,2492
3329,441
2475,2306
2910,1684
1186,1046
2837,1710
2851,1340
2196,1917
1949,16
3638,904
2042,2348
2814,676
2120,1801
1443,818
1482,885
2516,3574
2605,1421
1212,861
1283,334
2845,558
3825,2451
2084,2759
3858,1883
2042,2391
1869,1748
2608,1404
1216,1065
2564,1793
3856,645
3339,1812
2247,1572
2005,181
5207,1519
1673,3168
3325,537
2003,500
2534,564
2173,1793
2199,1915
4449,804
1049,486
3282,471
2777,1703
3520,2409
2008,522
2856,1072
1577,725
2489,1919
1861,907
2240,1773
1199,899
2443,2087
3675,639
2124,1794
1598,742
1790,2973
2473,1959
2578,484
3306,478
2579,424
2854,1064
2635,2241
1077,634
2836,2246
2292,420
2247,1572
2046,2559
2157,2516
3428,2427
1413,481
1023,703
1733,1118
1884,899
1561,602
2579,576
2375,1560
1768,444
2912,2080
1311,573
2840,1707
2059,1947
2193,1915
1307,566
1302,313
1335,2615
2003,436
1377,525
2414,1677
2039,2596
2276,342
2106,2567
2286,1745
2517,584
2943,1959
2058,2612
1199,994
2146,2358
3049,1914
3489,2029
3514,746
2045,2499
2164,1683
2278,1615
2452,2324
3519,1519
1880,440
2188,1926
2395,491
2768,2017
2401,2424
1317,878
3046,1912
2398,496
1468,1038
3550,1564
2828,1916
1032,700
3298,2000
3265,2753
2446,2058
2236,1609
5018,1108
2692,1812
1883,890
1192,1052
1735,746
1215,1056
1367,1042
2420,587
1883,735
1867,335
1992,265
1196,996
4291,753
2363,1772
920,2036
2010,151
1458,138
3603,903
1319,1039
2745,995
2185,1985
1577,714
2279,254
2167,1751
3455,1867
1461,900
2822,2342
2906,1346
4868,1174
1906,15
2363,1824
1473,637
2445,2088
2845,572
2710,1276
2284,1942
2089,1683
3023,771
1708,315
1729,728
2707,1241
2122,1805
1868,91
1604,156
1876,2618
3286,2717
2532,1698
1328,999
2366,118
1560,820
910,549
2447,1314
1302,2493
3172,1711
1707,2588
1883,814
1311,2552
2152,2521
1731,1005
2476,1512
1196,885
1323,575
2252,1659
2761,346
1302,836
2319,606
2145,1821
2806,1119
2708,1263
2888,411
926,542
2405,3564
3442,2427
2164,1769
2350,260
5029,1533
1247,1039
3537,1044
2047,2845
2525,573
1874,2617
2454,1543
2362,1553
1232,890
2163,1841
3024,1614
2092,2568
2131,2575
2650,2078
2232,1806
1196,737
3311,1772
4476,988
5111,1153
2774,1964
1317,874
3509,2461
3793,3268
2484,3446
2065,1692
2850,1971
1816,16
2914,410
1455,1039
2499,532
2424,2342
2137,1963
1396,502
2248,664
2422,784
2161,1759
1227,1013
2573,687
2638,2239
3584,557
2662,1005
2143,1884
2845,1913
2838,1709
2597,1916
2356,524
2614,1420
5192,1517
3267,2431
4954,1073
4379,3045
2240,1923
2197,1974
2247,523
3125,2299
2321,512
2868,2064
2121,2798
2180,1982
2950,1910
1428,472
2603,3442
2163,1715
3469,1894
1875,1633
3436,537
1331,2523
3352,795
2363,1731
2059,1947
3406,1661
3705,629
856,847
2185,1924
2258,1717
3280,2431
2961,545
1573,741
2848,1863
3525,2230
1576,198
2692,2079
2374,2765
2190,1694
2129,2770
1455,1039
2270,2030
3334,459
1930,521
2448,2343
1199,799
2329,476
1202,1017
1197,1021
1408,283
1188,1054
1210,1064
1688,1037
2280,2164
2913,2136
2120,313
2818,2417
1879,1619
1838,2922
2145,1806
1942,1685
2177,1583
1200,1021
3683,913
2506,601
1348,835
2921,2054
1120,575
3279,473
3519,2401
2565,575
1801,181
2179,1984
1820,740
1649,2677
853,555
2141,1688
2835,2246
3516,2256
3531,1883
2016,266
2220,1933
2772,1991
3278,536
1445,1125
1608,737
2182,1979
2001,1745
2190,1936
1721,611
2774,1697
2379,1388
1888,425
3554,2241
2404,1677
3855,593
2292,2139
1373,838
2365,1399
2998,463
2475,1689
1980,1630
1629,2462
3067,545
2515,593
953,2301
2805,548
2193,1935
3465,2603
2847,2369
1579,751
2331,1480
1590,220
36,1555
1351,602
2009,445
2370,658
1199,877
2824,1692
1199,865
4310,768
1573,658
2235,2783
1886,735
2148,1966
2125,2731
2113,1694
4876,1546
2192,1974
3515,2022
2025,1631
3528,1928
4568,876
4034,836
2253,1896
2776,2075
2781,2000
3509,2461
4511,1325
1284,538
1761,781
1881,422
3624,626
2185,312
1876,2551
2818,1474
1192,1052
2834,1686
2746,564
2753,335
1032,488
2085,2575
2203,2585
3526,1182
2257,1548
738,558
2785,1560
753,632
1965,1588
2984,1955
2530,687
2120,1688
2962,540
2233,1604
2604,1683
2249,2029
3265,2531
1968,1587
3808,602
2863,1693
1994,2458
1881,2981
2414,1800
1894,328
2857,1768
1762,2567
3780,2470
1198,1001
2776,545
4032,678
1027,700
1746,762
1350,1042
5144,1195
2310,107
2367,1920
1578,715
4030,742
1199,746
4279,2602
1874,1619
1851,1750
3505,2076
2146,1875
2326,241
2416,769
2340,119
2773,2310
1875,1600
2834,1151
4293,751
1322,843
2144,520
2846,2418
2479,591
3327,443
2144,2540
2415,3572
2000,676
2832,1707
1902,3069
2768,2025
2814,1415
1505,1038
2007,160
2652,1842
1195,396
3042,1913
2456,330
1875,2763
1842,1750
1078,843
3447,539
2023,1641
2413,2378
1490,1042
4009,679
1201,981
2429,1398
3079,1769
2367,591
2120,2704
2855,1992
1868,309
2756,1593
1241,842
2251,483
2784,1562
2102,2712
1465,126
2086,308
2652,1508
2774,2011
2251,639
2557,1694
2873,1609
4597,1467
2566,1793
2179,1802
2242,646
875,2448
2127,543
2821,2146
2388,121
1197,981
2087,1673
2366,1959
2835,373
1232,870
2620,1036
2631,548
1782,3078
2961,2184
4084,852
1485,918
1457,598
1804,113
2182,1920
2612,1668
2135,310
1791,2571
2250,1606
2097,2569
3186,1697
1879,826
2190,1900
2420,587
3752,595
2820,1067
3860,747
2164,1706
1843,3002
2002,256
2967,524
939,837
2171,1590
1362,250
2640,1520
2930,2151
3430,2425
2848,1333
2782,2071
1606,289
4265,1732
1637,1041
3701,2325
2923,1962
2231,2809
2285,1758
3878,603
2906,423
2272,589
2400,585
2680,2239
3554,2433
3758,3281
2252,451
2192,1868
2103,2570
1721,2619
2639,2427
2335,2770
3296,1909
3189,1354
1290,842
2766,2031
2823,1463
1649,367
5231,985
2578,396
1966,1587
2580,540
1184,921
1553,691
1200,816
4119,711
2935,1332
1750,2567
2206,1919
3311,2440
1374,999
2369,1758
1169,879
2574,502
2574,400
2293,1397
1261,1041
2127,2604
2159,1934
4102,699
2279,1477
1536,1038
1308,572
2545,677
2284,130
1407,475
3542,1043
1198,1020
1881,1686
1886,424
1194,895
2360,1656
2197,1897
2645,2016
3229,465
2961,1522
1575,746
2393,1957
2356,119
3539,742
3172,1710
3224,465
3325,475
2147,1901
888,864
2388,2469
4089,852
2900,2085
2108,2733
1673,2558
1285,1002
1993,325
2008,522
1770,1037
2227,2079
2280,285
1443,388
1393,1036
1197,968
1858,432
2943,1689
998,848
2073,1689
2362,1553
2838,1688
2896,1708
2415,1752
2247,618
2225,2406
2122,1814
3455,1865
3253,1908
3279,471
2369,462
1239,1085
2170,1922
3433,2436
3192,2381
2867,553
2873,1609
2427,1798
1197,893
2171,2493
3501,899
2284,1776
2003,412
2247,524
1031,703
1650,660
2393,3573
1888,2970
1942,18
1579,647
2518,1488
1201,1024
2737,555
1582,733
3684,901
1688,2564
1883,912
2266,1689
874,2040
2282,254
2168,1694
1204,1036
1196,808
3266,461
1817,2957
1192,1065
2188,1689
2136,1963
2366,119
1847,314
4018,713
2253,562
2517,3571
1270,605
1533,1042
2713,1246
2451,1462
1881,2655
2363,2274
3972,723
1176,919
2947,1691
1009,684
3256,1896
1194,922
2606,3430
2421,777
916,544
2362,1553
1203,1054
2781,2000
2451,614
2689,558
2257,517
1942,17
1929,584
2134,2590
2570,3618
2183,1936
2387,1485
2353,486
2968,1602
4028,741
2538,295
2206,1921
1729,1006
2708,556
1830,872
2164,1743
2204,2302
1186,917
2160,1728
2298,1407
2607,1588
2785,2040
2350,2518
3176,2368
2040,2589
1797,106
1369,242
2118,2621
1934,1751
2126,1872
2154,2645
2163,1864
3681,765
1197,917
1205,995
2143,279
2487,368
1882,2543
3162,447
1871,1693
2917,1339
1199,1036
1306,2505
2819,1510
1192,1045
1614,311
2187,1604
3256,2058
2122,2716
1197,680
1199,836
2292,501
2752,547
2816,1704
2051,2725
3291,528
1802,1751
2827,1706
2708,1263
3320,483
2247,1936
2001,256
1391,842
1771,2564
1918,439
2383,1382
2005,268
2744,760
1244,840
1222,365
3492,550
5073,1135
3283,443
2248,1689
1994,2612
3680,668
2686,1578
2665,1672
3493,1886
2522,1697
2980,1710
2915,1341
1364,882
2159,1988
3258,2058
2023,1713
1434,1038
1185,1016
3017,548
3765,582
2429,796
4451,912
5174,983
4874,1409
3803,2511
3526,1930
1875,511
2582,424
2126,2758
2200,1896
2040,2719
1325,566
2998,386
3677,802
2311,1792
3816,3250
2992,1698
2372,454
2008,640
2455,2046
2652,2176
2260,1690
3540,1067
2607,1686
1128,558
2064,1945
2574,498
2264,271
1485,1038
2125,2983
2251,1894
2161,1756
3896,2744
2246,577
2240,1701
2809,693
1573,2689
1625,35
2417,785
1303,578
1730,1014
2574,607
2940,1536
1463,845
2913,2035
2245,1554
2069,2826
2247,1695
3540,2256
1083,2149
2443,2035
2598,699
2639,2212
990,513
1869,759
3456,1868
3186,1695
1723,1007
1776,434
2273,1658
1187,936
2851,1900
1773,772
2438,1916
1109,1040
1884,819
1959,2744
2911,1689
2288,448
1484,843
2253,2005
1324,575
2774,2079
2793,552
1599,637
2814,1464
3877,1892
1955,1590
1247,1034
2730,548
1184,403
839,846
2985,538
3023,782
1801,317
5147,1196
2521,1794
1305,2544
3481,2440
3330,424
3514,2467
1278,1042
1190,1072
2566,365
3266,530
2263,1878
2249,634
130,1518
1343,913
1573,569
1368,241
906,549
2610,3448
966,522
3072,540
1165,2162
4915,2133
2463,1405
2785,2052
2190,2423
2570,2239
2251,557
2822,665
2754,1599
669,610
1626,2444
1880,504
5057,1125
737,563
3149,546
2196,1915
2147,2593
3249,546
2575,408
3766,3287
3306,459
2865,405
1311,999
2291,1388
2204,1827
3518,2235
1327,597
1878,1610
2860,1841
1564,317
1488,1786
1197,2240
1843,640
3052,548
2420,2416
3627,542
2138,1690
2596,356
925,2121
2588,303
2273,1620
1993,1587
1872,2983
2148,2582
4653,919
2103,1801
1390,1056
2644,2240
2392,1376
2313,607
2574,459
2042,2620
538,1654
2176,1922
2608,1548
1648,2852
2671,938
3496,2104
2892,1690
1046,502
2541,1869
1408,472
1278,595
1339,821
2408,372
2446,1423
2753,1597
2659,495
1328,1041
1681,437
1178,1062
1214,1064
2956,2456
4987,1265
2783,2078
2663,963
838,1986
2108,1688
3671,747
2280,129
3407,2440
2904,539
1215,854
2007,485
2660,2117
3021,385
1218,961
1030,476
2399,1916
1602,1019
3516,2470
3490,2035
3186,1696
1844,3004
3775,2444
2862,2078
1811,160
3332,453
1214,1118
1878,2907
2282,1700
2366,116
2404,469
2202,1653
1212,1075
1676,1025
3330,441
3687,663
1199,928
1345,2525
2507,2055
2138,2365
1756,560
3155,531
2146,1907
3574,633
1887,412
1570,825
3542,2429
4251,791
2779,2073
2912,553
2288,470
2160,1595
2807,692
3024,2214
2036,307
2822,1350
2119,2716
1946,436
2145,1794
1146,862
2380,1917
2254,1647
1874,2840
1863,1708
1445,878
1673,1039
1266,1043
4386,733
2137,1804
2861,1693
2264,1812
1518,598
1376,842
2277,1701
2706,1816
3279,479
2417,776
1199,999
1178,400
2164,1628
1309,741
1053,484
2945,1525
2960,540
2066,1753
2629,1692
1574,565
2322,1751
4202,2550
2160,1860
751,636
5199,1514
1201,1054
1575,686
1861,329
1578,645
2573,369
2842,638
2292,481
1015,702
2568,369
2161,1740
2984,1958
2133,2979
1390,1056
2744,754
2454,2073
2822,2412
1868,1677
2181,1802
2252,372
5225,1253
2215,2767
2965,545
2020,2577
4029,915
2848,622
2656,2237
1193,2235
2471,1834
4386,749
2561,1163
3290,3018
2323,699
2232,596
2195,369
2418,1690
2906,413
3787,2353
1196,902
1225,1072
2218,1526
2839,637
2774,1994
1109,555
3923,2318
2002,487
2447,2277
2243,2554
2693,1516
3686,2954
1923,1691
2585,1113
2929,2150
2536,908
2946,1324
2440,1639
1853,1750
1037,496
2946,1689
2815,706
2854,1064
2242,511
1749,2567
2160,1795
2144,1876
2186,1924
1522,816
1070,733
1439,855
1198,2238
2362,685
1199,742
2077,1684
3058,1912
1769,1687
2482,1917
1197,962
2133,588
2247,2021
1585,306
2331,1561
2293,2113
3201,540
1862,322
3821,3248
3297,1326
2812,541
4309,838
4875,1415
2165,1668
959,844
1443,606
2652,2244
5216,1257
2418,1957
2467,1314
1870,2777
2424,796
2843,545
2116,2698
2607,1809
1115,1074
2272,1620
888,2517
3153,439
1032,702
2004,159
2708,1264
2774,2013
2542,321
2002,1745
2500,530
2634,1588
2254,434
2062,2622
1324,567
5171,1363
3136,434
904,941
3544,546
2061,2567
2732,3249
2490,1692
2790,1706
2154,1976
3716,660
1866,2979
1226,358
1330,556
1726,601
3872,2295
1888,390
1933,1691
1873,2954
2005,575
2442,1666
3965,631
3497,1049
1665,736
2133,1804
2876,545
2186,1926
2186,1599
2689,1657
2312,1761
2954,1707
2243,253
4039,848
1865,411
1473,270
1200,1020
1856,520
2189,1842
2234,1556
2022,1730
2104,2667
2810,545
3331,433
1811,160
1557,288
2115,1841
2133,1763
2151,2583
2662,3663
3761,599
1192,1035
2094,1694
3530,1915
1312,866
2265,509
3033,776
3805,646
2056,1949
1959,2744
2098,2569
2010,2480
2161,1617
1200,1030
2849,1986
1511,311
1294,596
2781,2046
2974,437
4635,887
1947,2297
1921,1632
2119,2644
4886,1484
2144,230
1412,475
2917,2072
2247,617
2253,409
2889,2131
2147,1824
5054,1669
2650,2083
2287,587
2226,2025
2331,1561
3471,1894
2248,436
2593,1700
1785,436
1268,1041
2348,117
2249,2012
2115,2721
3642,535
3907,696
1832,922
1726,1022
2141,1945
2248,634
2904,1680
3863,606
2170,1602
2160,1664
2134,1955
1855,3119
1881,625
2433,1793
3161,2355
1073,719
3271,2431
2135,2590
1865,759
3552,1708
3513,2395
3644,537
1266,1040
3731,2440
2445,2081
2157,1927
2013,2206
1179,1026
2118,2641
1226,564
3254,1896
1362,1039
2206,1960
2536,302
4303,977
1290,574
2252,373
2244,1914
1319,2539
3049,1703
2165,1649
1879,486
1938,630
2473,1541
1173,1038
3272,2430
2784,1111
2746,357
2180,1694
2607,1638
1171,848
1987,2822
2164,1635
2756,2077
2077,1690
3179,2359
2220,1933
2045,2499
3497,2182
2860,1839
4028,653
1343,565
2439,1958
2257,517
3480,911
2712,1699
2272,617
1808,99
2161,1643
1473,638
1194,999
1412,471
3524,2407
1898,2962
1201,951
2118,2567
2820,546
2189,1914
2265,2024
2139,1937
2794,1551
2124,1781
1195,546
2546,700
2359,2769
2117,2651
1881,2970
2174,1588
3147,1310
2640,688
2005,215
2807,1506
2125,2680
1876,1690
2608,1810
1523,988
4021,658
2641,1022
2197,1977
2253,604
1294,320
2367,1550
2607,1783
2374,1645
2473,2292
2185,1985
2458,1412
1458,842
1120,423
2649,1877
1301,958
2678,945
2141,1881
2559,569
4033,751
1905,273
2033,2619
2365,1782
3513,2334
2251,2050
3422,2431
3278,538
1301,834
2285,2942
1793,2564
2611,2972
1778,966
1335,837
3281,1743
2042,2439
2338,115
2855,2055
1574,524
1070,727
3804,3253
1943,1686
3184,1703
2125,2779
2282,137
1889,862
2014,279
1314,571
1922,1631
1115,1040
1806,2568
2747,754
1661,2833
2100,2668
2936,1716
2697,1661
2115,2919
1519,316
3497,2015
2155,1976
2620,1308
3172,1714
2191,310
2579,498
2377,2810
1356,1023
2778,2012
1907,629
3294,471
2942,1915
4972,1241
1880,2833
2356,1684
1513,939
2777,2075
3332,446
2123,587
2643,2077
2357,1743
3490,548
2836,552
2549,574
2160,1926
2446,1973
1825,592
2247,1993
2121,1841
1056,484
1260,907
1999,495
4974,1080
2527,698
2166,2534
2542,1956
2772,1315
2449,1670
4122,722
2184,1920
1115,739
3524,855
2249,2002
2241,621
3551,2434
1884,450
2304,110
2720,831
1579,1042
2150,1689
2422,1797
2382,1656
1320,2537
1671,1001
5014,1106
3516,1269
2907,1690
2551,3596
3574,552
1805,997
1875,2743
4313,837
2130,2661
1195,2242
1312,598
1368,959
2455,3413
2386,121
5002,1098
2540,572
1501,838
2112,306
3000,1705
2731,2400
2252,2005
1470,598
2710,869
946,2041
3973,644
1396,879
2186,1928
1195,1031
2451,600
1436,355
1569,728
2451,1538
3764,600
1490,2709
2867,1916
1578,609
2935,1684
1841,3014
2167,1836
4464,743
1581,318
1567,831
2523,1692
1668,954
2118,2774
2559,365
1588,279
2500,371
2144,1730
2985,389
1870,512
2369,1780
2530,687
3540,1250
2964,2180
2377,113
2135,1956
2773,550
2312,112
3513,2456
2254,598
2293,492
2145,1826
2112,2794
2056,2841
2767,1982
1829,2557
2743,2081
1002,829
2286,584
1795,311
948,837
1562,812
1202,1051
2366,119
3246,538
2157,1957
2248,634
1205,1076
2125,2619
2857,2376
2121,2760
2198,2041
3422,2432
2539,2680
1200,998
1857,2847
2863,2094
2566,3569
1971,1633
4261,740
3227,460
2304,107
2513,1697
3505,1885
835,843
3528,2255
2746,749
2193,1988
2820,2237
2573,1703
1196,911
1666,2804
2412,597
1197,904
2672,700
1875,2759
2471,3572
1573,576
2976,1334
3554,2265
3502,1996
2807,1921
1462,905
1198,987
1201,981
2645,2150
2073,1664
1881,2937
2457,1491
1438,402
5122,1472
2930,1917
2505,2484
2256,2160
1201,981
2673,1956
4124,712
2161,1664
1826,592
1311,300
2511,1698
4300,944
2340,119
2269,1550
1724,731
3290,541
2834,1320
1555,315
2452,1321
1734,601
1684,267
2445,1313
2064,2624
2957,542
2708,1264
2981,551
1467,130
1319,2351
5242,1259
3266,411
1294,1026
1621,855
3317,484
3278,476
2949,1980
1352,835
3481,2443
1353,961
2116,2614
1565,598
2201,1727
2974,437
3554,2449
3531,2304
3258,2557
2042,2507
3483,2450
2122,1837
3756,3285
1946,431
3747,3294
4199,744
2629,552
2094,1801
2160,1679
2619,1511
2824,2103
1197,947
2903,405
3703,3286
2850,2047
3262,2636
3331,438
2252,676
2140,1730
2241,610
2848,386
1940,1689
2656,1799
1432,608
1390,745
1780,315
2247,483
2546,701
2403,1370
2250,2006
1440,357
2469,1409
2710,1276
1846,893
3465,753
2678,1620
1807,166
3326,463
1636,873
3855,3242
1584,555
1488,485
1987,1692
2095,2571
903,871
2197,370
2576,434
3858,646
2549,1956
2256,691
2117,2922
2183,1934
2248,635
2131,369
2086,312
2711,1658
2445,2183
2252,1896
2824,1699
2409,511
1738,1064
1116,434
2211,1605
2417,772
2094,1685
1303,2491
1702,1566
1212,382
2206,1678
2253,633
1885,672
2608,1660
2126,1961
3520,2403
2089,2535
3974,701
3192,1679
2157,512
2611,1752
2157,1993
1662,2561
1886,260
1032,489
1580,681
1072,690
1755,1577
3775,3272
2692,1876
2819,1962
2696,1698
2754,1318
2825,1364
4741,1547
2087,2572
1756,1039
2826,1694
2293,440
1538,1036
2855,1910
3497,2151
2161,1731
1649,2852
3609,890
2179,1852
1245,1031
3173,540
2247,483
2766,1932
1199,691
2137,594
1437,493
3496,2127
3497,2082
1657,1038
2746,737
2146,1909
952,536
1664,1002
2364,590
2450,2777
3774,2484
2003,389
2732,1916
1298,316
959,1038
1388,612
2131,2731
1643,1072
1886,520
2658,820
2103,605
1580,323
2367,116
2436,1317
3504,2085
905,545
3248,538
2206,1599
2304,1920
3973,624
2271,2019
1203,1059
1153,2949
1887,868
2152,2520
3473,536
2147,1801
2672,1762
3408,2440
1437,864
1981,1690
2246,2006
2699,872
1878,326
2309,511
2163,1753
2111,1833
2928,1507
2975,1957
4960,1075
3502,2090
2206,2387
2395,488
2944,1540
1989,312
1878,590
1301,834
1199,864
1249,736
673,1969
1285,329
1513,1034
3675,632
2118,2772
3427,1843
2012,301
2254,271
2941,1976
2452,1345
2604,1309
1885,2475
5055,1649
2390,3570
2008,286
2207,1948
1272,328
1729,1007
1672,2548
2560,3566
2045,1689
3318,538
3206,2360
2160,1662
1558,687
2022,1740
4304,934
2278,1615
2696,1696
2775,2066
4309,884
3505,1933
3636,627
1200,987
2654,917
2454,1384
2370,1563
1226,997
2580,1798
2111,315
3427,486
1563,808
3039,1915
2209,1924
2699,871
4886,1043
2660,1513
2430,2038
2607,1701
2854,1686
2346,1792
3855,647
3280,510
2247,1970
2247,605
1810,857
2858,2128
1290,2479
1296,853
1563,731
1369,243
2575,373
3516,2390
1329,2505
2099,2569
2440,2037
1863,1708
2003,388
1473,1039
1691,2565
2052,2847
3265,2531
2249,2018
2209,2286
3192,2366
2855,1083
2249,476
3093,2281
2064,2760
2397,378
2826,1688
1367,530
2956,2193
2037,1752
1013,2064
1894,315
2113,1841
1874,1751
2528,2691
2413,1793
1199,917
1751,444
2773,2319
2267,1613
2847,623
1372,250
3265,538
2254,2022
2319,751
2066,740
2088,1691
1188,403
1815,741
1152,571
1739,744
2116,1807
2334,1561
933,545
3767,900
3496,2117
1481,886
3187,451
2282,2333
3516,2318
1236,1002
1954,1691
2882,1658
1590,432
3757,589
1580,326
2920,429
3321,462
2059,1646
2116,1803
3835,3242
3001,554
2597,1627
1876,2840
1436,738
2820,1703
3859,644
2319,602
2692,1874
1236,1064
2844,2260
2144,1708
3503,2407
2184,2449
1606,156
920,834
3657,1911
3931,868
1646,737
2272,351
3320,2444
2127,543
969,1036
4485,777
2429,1634
3067,3436
2252,661
1760,1035
2571,1178
4019,862
2580,463
2804,708
2134,1801
2579,435
1623,949
759,647
1874,826
1944,1751
2475,1353
2008,259
2127,2929
2058,301
1199,929
2978,1333
1580,323
2276,260
1033,486
1801,113
2119,2759
2219,312
1819,0
1324,575
1093,2150
3675,716
2366,692
2751,768
2006,487
2132,313
1179,995
2652,1816
2444,2478
2330,1804
2161,1614
1667,597
1876,2523
2363,118
2122,1836
1225,1072
1653,597
2322,108
2600,3444
2980,553
1984,1688
2277,2194
2645,1511
2249,395
2781,2069
1311,864
2170,2983
1946,1697
3187,1694
2161,1623
2606,1781
2390,3570
2417,3580
2707,1701
1881,1617
2356,117
1268,999
2247,475
1190,1072
2152,1796
2775,2223
5027,1501
2123,1765
2797,1920
3503,2406
2149,2503
3532,2502
1310,610
3170,745
2005,1747
1570,794
2136,1963
2736,430
2104,1830
1874,827
2677,945
2249,2003
2768,2007
2532,614
1279,342
2155,1976
2936,1582
2993,2744
3197,2386
2579,397
3677,688
1421,831
2449,1986
2067,1688
1884,334
2014,279
3254,460
2134,1801
2203,1745
2732,1308
2172,1586
2429,3571
2612,1692
1863,1708
2004,256
1984,2455
2430,1957
2363,1779
2136,1963
2789,1312
2176,1981
1879,473
2265,1618
2906,1393
3434,2784
2247,1957
989,1028
2863,1620
2684,1579
2439,1919
3435,2428
2419,3570
2561,3438
1546,306
2164,1663
3367,1819
1329,848
2829,1696
4457,754
2160,1801
2346,1972
1933,1631
2490,3573
1877,2616
4099,678
1313,2559
1807,305
2049,1688
2032,2578
2647,2180
2129,2859
1193,1051
1829,518
2340,119
1735,1076
2744,346
1886,825
1991,2468
2159,1594
1200,997
2797,1505
1195,561
3426,485
2156,512
1337,908
1875,1625
2186,264
2411,378
2757,2243
1881,319
2159,1589
2169,1928
1947,1698
3169,1715
2119,2845
2034,177
1742,7
1517,772
2783,2063
1313,886
1880,422
1406,483
2753,340
1835,520
3187,1702
3535,2250
2652,1011
2133,1716
2155,1804
3326,476
1222,1067
2057,1643
3375,2433
1199,928
2182,1941
901,549
1384,1043
2205,1704
3975,631
2835,1709
1990,2468
2843,1105
917,2035
2690,1577
2612,1668
3678,779
2178,1834
2524,571
2501,591
905,545
1985,1587
3676,609
3492,2039
2206,1572
2272,1613
2240,272
3497,2038
1318,999
2729,3530
3671,1914
2084,596
1691,601
2947,1691
1806,255
1198,2240
2010,499
1579,763
4297,774
1874,2777
1543,832
1193,1046
2666,1689
1854,749
2293,418
2105,1803
2365,463
1681,437
2663,963
954,2042
2122,1858
4682,927
2648,2426
3806,601
2652,2238
2252,661
3282,461
2184,1804
3259,1718
5160,1356
1402,737
2766,1917
2157,1837
867,1948
1579,416
2687,907
5020,1665
2252,1998
2008,450
5224,1250
2787,1317
2225,1685
2641,1957
2564,569
3530,1057
1445,641
2347,116
1261,1042
2703,1699
1194,2241
2270,1619
2256,244
2122,2751
2606,1636
1440,379
2106,2738
1577,607
2540,318
2752,553
1657,1038
3507,2448
3718,627
1202,1049
1991,238
2240,608
2009,1748
2846,2421
2579,420
3182,383
2240,1593
2373,2304
3774,3270
4449,912
2680,1957
1199,612
2179,1919
3514,745
3263,2566
2155,1824
3278,2430
2116,2738
2183,1917
2105,2715
2283,662
2111,2715
2102,2715
2126,2876
3228,540
1949,517
4021,718
1803,1749
2611,1787
2317,2686
3973,622
2513,2694
2517,2233
2549,1554
2340,119
2859,2149
3657,1914
2849,2238
2112,1835
1431,279
3124,2299
2155,1689
3032,745
1671,1001
2859,1921
2248,2007
4457,791
1595,273
1874,1601
2448,1407
2079,1667
2529,1849
2314,304
2192,1809
2787,2063
3552,1705
3888,1850
3532,1170
2773,2205
2190,2397
2601,1794
1879,1584
2024,1721
3857,664
2626,2249
1383,841
1609,803
3701,2951
2447,1312
1879,1596
1467,478
2875,545
2007,496
3551,2434
2625,1485
1843,2545
1799,220
2419,765
2104,252
4976,1249
2103,1801
2252,490
2488,1512
2516,3574
2474,2323
1200,987
1046,473
3150,548
1885,851
1638,314
2743,1923
1165,739
2452,1418
1002,510
1200,598
2220,1933
1195,2253
2109,1693
3397,438
2574,405
2839,589
1201,826
2248,1630
1073,724
2587,426
2239,2024
1139,920
2406,471
872,2247
1888,409
3602,1927
1884,560
2129,1718
2486,2684
1214,1054
3914,605
2925,2604
2154,517
2640,2427
2134,1801
2014,444
2510,1567
2745,1624
2108,2619
3776,517
996,1072
3669,868
1610,594
2277,2203
1199,888
3265,511
1443,605
3484,2385
1812,94
2242,251
1552,708
2151,1958
2835,1402
2220,1933
2522,576
2183,1908
3271,463
3329,441
2699,555
1522,855
1539,839
2773,2327
2369,2722
2401,588
3199,2360
2164,1704
2420,774
2460,1397
2916,504
2464,1586
1049,451
2307,1382
2826,1706
1427,596
955,529
2445,1320
2119,1920
1964,1587
1447,478
2693,1699
3257,467
2412,579
1720,3055
2332,114
2116,1801
3516,2457
2601,412
2066,614
3375,2433
3322,445
2578,376
2563,582
1517,100
4865,1664
2569,3601
1885,2960
2880,412
2850,545
1101,1042
2220,1933
3792,2405
2399,1693
1448,1042
2826,1694
1725,306
2281,598
3531,2342
3628,1909
3026,772
2055,2575
2161,1613
2063,1656
2610,1365
2152,2521
2560,1920
2407,3563
1875,1700
2623,1482
3943,849
2325,1551
2108,2733
1403,1053
1034,491
2811,2098
2466,1919
2526,692
1028,478
1873,2718
2078,1786
1100,1050
2019,2581
2447,1308
1317,837
2365,118
1307,572
2036,2565
2871,2136
3325,462
2613,1464
3605,903
2182,1940
3032,776
1578,551
2164,1805
2605,2980
2155,1553
1412,963
3622,895
2173,1588
2245,1915
2002,573
1967,1587
2009,1748
1202,1045
2930,2151
2901,1680
1279,843
2565,572
1734,312
2143,279
1617,1041
4307,871
2007,291
2084,1799
2164,1756
1684,2504
1215,1039
2664,1764
2912,1682
2721,828
2140,589
1888,928
2226,2097
2174,589
1903,129
2401,1801
1280,1039
1958,1706
2128,2767
2406,1919
2215,251
1926,311
3238,545
2106,2726
4025,877
1390,737
2412,1625
2448,1851
3522,2203
3525,2442
4017,728
2286,1912
5197,1244
2686,1602
2251,2005
1112,1057
2734,555
1321,882
1792,1766
3903,673
2521,1794
2209,246
737,563
1879,518
2164,1672
1890,1611
1880,441
2549,3565
2144,1693
1574,812
916,2040
2152,2253
1897,2618
1580,1000
2147,1939
2177,1938
833,845
3601,902
2164,1705
1212,1061
3551,2250
3814,2000
2256,2017
996,1072
1574,764
1474,646
1199,929
2579,561
2143,279
3790,2494
2838,1055
3213,1814
2204,1726
3601,915
3968,606
2441,1919
3529,2234
4363,1712
1673,2609
1503,595
1955,1634
2376,591
2247,2009
2189,1546
2332,1562
2522,1182
1203,2233
2169,1830
2879,1691
2722,1320
3314,1757
1529,1038
1199,988
2579,568
4026,728
1486,598
1160,838
1478,884
2152,1976
2596,1698
1574,525
1197,2246
2992,1693
2652,1816
942,2315
1200,1023
1975,708
3545,2259
2363,1829
2540,292
4085,683
2556,1469
2607,1703
2126,1804
1552,311
2242,1694
2242,478
2848,1356
2202,1602
2850,2350
1899,302
1275,837
2114,1839
1332,1041
1345,571
2942,1915
2238,1679
1643,2894
1661,2691
2990,1712
970,526
1255,1040
1038,498
2159,1844
2120,1688
3523,2344
2648,2178
4068,680
2128,2611
1806,104
2169,1930
2161,1761
1027,699
1583,429
2278,1615
2718,1919
2687,1561
2703,951
2838,642
2261,2131
1579,653
1760,748
1885,304
1526,604
1200,1049
1760,1036
2823,1699
904,2446
2157,2516
2935,1702
1808,3
2985,387
1132,1049
1196,863
1378,1043
2680,702
3171,446
2328,2770
1848,1637
1163,2228
1843,3005
1612,1040
2850,2057
1871,2983
3497,590
2572,445
2278,1615
3200,2375
1258,944
2781,1019
2381,1917
2583,582
3535,1262
3510,809
1961,1629
1875,2533
2251,1987
2789,1317
4514,743
2129,594
2411,432
1889,932
2119,2721
3312,2441
3542,742
3912,601
4333,2827
3280,2432
1884,901
2556,1469
2208,1896
2910,544
2860,1691
3638,2744
2085,2576
1806,219
3513,2394
1248,736
2863,1685
1878,532
3503,1974
3271,2589
2289,491
1197,1019
2747,754
2659,545
2173,1930
2545,303
1611,1003
1807,79
1807,108
2728,1694
2262,1618
2563,565
1118,577
3271,2639
1201,2256
3556,1899
2063,1693
2225,311
2995,1683
2721,2237
3508,549
1764,548
2637,2239
1391,677
2008,656
1445,1125
2648,549
2442,1624
2161,1627
1438,1068
2621,1310
3598,915
1236,592
3779,3274
2983,553
2908,1689
1399,1045
1820,93
1810,307
1840,1520
1564,738
1585,1041
5100,1552
2164,1635
2014,279
1593,718
2411,464
2634,1015
4026,916
2904,555
1671,106
1197,1028
2178,1693
1398,613
1768,705
2340,120
2538,313
2487,1247
3557,1073
1180,1062
1196,908
1197,1028
2181,1977
2614,559
2252,448
1197,903
2131,2767
1885,1627
3691,628
2231,595
1879,1594
2259,2260
2642,890
2084,315
1010,501
2063,1948
2175,2904
2450,2273
2318,253
3513,1522
2022,2584
2252,444
2726,1693
1781,14
2148,1901
1807,1611
2288,236
3533,2224
1958,1687
2850,2033
2698,1675
2417,776
3177,2358
1200,1040
2227,2079
4023,682
2565,576
941,1099
2611,1359
2495,1794
1746,1150
2895,415
903,549
4976,1248
2202,1599
1643,310
2354,504
2418,782
2071,2456
1213,972
1461,860
1812,99
1821,93
1200,1012
1625,279
1201,1053
2765,2038
5062,1671
2496,1917
3427,490
3674,765
3736,581
2341,1534
1434,738
1762,1033
2247,614
3258,538
4491,772
3800,2608
1778,966
2271,1619
2263,1644
2449,1797
1874,817
2416,769
2259,365
3329,441
2454,2546
2092,584
2120,2731
2361,116
2628,1691
1321,2536
2869,1922
3518,2397
1708,750
3504,2377
3747,3194
2457,1315
1985,2468
1192,1044
1005,2053
2237,1599
2024,1724
2369,124
1884,2846
2941,514
3497,2150
2900,415
2873,1689
3276,2784
2290,410
2820,1703
3760,2447
3745,3296
1725,607
1205,1057
2287,1910
2414,540
5017,1128
2341,163
2360,1532
2277,249
2689,1693
2579,502
2250,2005
4630,927
2249,2014
3513,2012
1192,1042
1881,345
1706,3335
2370,1716
2225,105
3859,658
4995,1094
2052,1598
3015,1704
2183,1981
2446,3574
5009,1078
2219,1986
3720,3035
2219,251
1411,492
2851,2025
1874,1691
2515,1919
2523,579
1316,589
2777,2075
2267,1550
2164,1657
3856,654
1940,437
2922,1691
1677,2568
883,2429
2933,1914
2867,2138
868,2324
1879,439
1320,2529
1814,908
2732,3249
2612,3434
1819,86
1319,2539
3270,2430
2193,1935
2366,119
2470,1919
2693,1693
2645,2043
2647,2221
2742,1706
2429,2342
2859,543
2562,1161
2438,1666
1998,232
1792,477
4473,1288
2687,1443
2403,1960
5203,1244
2776,955
1730,1101
2627,2246
3981,2743
3169,2350
2331,1651
1588,278
2312,1761
1308,2616
1234,1102
1950,739
2259,1478
2866,548
1803,2
4117,707
2146,2582
2146,521
2659,550
2445,2060
2158,1604
1871,601
3257,1911
2078,1684
2706,855
2523,1697
1301,834
3518,1127
2646,2128
1888,682
2275,1791
2912,2158
2784,1693
2607,1809
2176,1584
3716,660
2166,1924
2861,1693
2422,2344
3197,2377
2773,1691
2117,2928
1025,699
3510,2451
2050,1641
2491,1240
2276,1699
1583,812
5191,1516
2406,1704
2267,1370
2337,1562
2175,1852
3330,444
1574,616
2902,1688
2851,1998
2489,368
2080,1689
2355,2509
2340,1536
2080,1682
1579,794
2851,1080
3313,462
2125,2822
1977,1632
2427,1687
2885,406
2463,1415
2841,429
2531,1413
2126,2584
2004,296
2903,423
1193,596
1407,1042
2129,1751
1196,2244
2749,750
2127,1940
3424,496
2454,1414
993,516
1850,1748
2232,1603
2748,753
1574,755
1645,736
2402,1662
2608,1405
2033,1750
3844,1738
4082,851
4356,743
2741,760
2045,2570
2826,1430
1826,2263
2499,1696
2123,1789
1486,598
2914,1919
2647,2210
1873,2511
1201,858
2647,2216
3440,509
2866,1687
1896,760
2247,2022
2943,1923
2709,1267
1400,593
2278,1615
1594,275
2235,1908
3787,893
3539,1050
2540,555
2176,1922
2055,1949
4491,772
2870,1687
1591,3116
1575,644
2145,2467
3169,1715
2116,2698
2036,1749
2368,1649
2248,629
1319,1072
1364,999
2202,313
2725,450
2526,2199
3304,1757
2166,1921
1283,332
887,2335
1633,100
1883,2611
2278,1615
1348,263
3298,2000
2247,2018
2043,1751
2503,293
2497,368
1389,657
2686,1915
1071,708
2227,2079
450,655
2117,2976
2256,499
2360,115
1873,646
2443,2047
2335,1699
2105,2662
3350,1808
1807,4
1575,630
1586,281
2151,2502
2773,1691
1675,983
2170,1922
3278,529
2237,504
2201,249
1684,2504
2767,2217
2756,555
3272,2430
1176,1072
3271,533
2280,317
1250,1080
2087,2572
936,837
3422,2421
2060,1655
2121,2760
3007,1699
1325,575
2076,2579
2285,584
3568,2047
1204,933
1851,1750
2914,1340
1306,2506
2931,1699
2128,2660
2220,1933
3615,859
2455,1739
2867,1916
2417,797
2247,2020
2113,2778
1551,836
1305,847
1196,906
2884,1953
3280,2442
3123,2325
1878,533
1198,1051
2325,1775
2605,1423
1296,598
2445,2275
2165,1649
3329,441
1640,315
2455,734
2526,1778
2837,1719
1572,62
1314,2520
2269,1698
3292,533
2220,1933
2540,1916
2768,2213
2242,503
2543,301
1881,2959
1477,824
2819,1700
2658,558
2565,580
1007,503
1584,307
2203,1923
2790,553
3255,1896
2946,1528
2760,1956
2860,548
2126,1881
2658,994
2179,1984
5124,1681
1406,598
4316,740
1939,310
2550,310
2826,1688
2252,565
2151,2582
2779,2073
1253,558
2758,2243
2241,1994
2333,1790
2008,300
1610,741
2477,368
2715,877
2013,579
2230,1811
2680,982
1234,840
2522,589
3228,465
1276,334
664,609
2278,1622
1436,738
2637,2195
1192,1057
2180,1693
3058,400
2182,1680
2935,1520
2457,1349
1663,2561
2587,428
2521,1919
2827,2356
2129,1775
2449,1991
2665,1759
2395,585
2247,543
1489,114
2118,2622
1279,342
2366,685
3744,3368
3853,643
2127,2607
1165,839
2113,1700
2648,996
2600,392
1460,138
2746,1702
2627,2018
1809,4
1876,1690
2167,1931
3016,807
2098,629
2118,1699
1199,685
3375,412
2758,547
2974,1335
2167,1803
2922,1517
1580,321
2969,1947
2722,847
1850,758
1657,995
1214,1089
1261,1042
1874,331
1202,1041
2380,1386
2713,1698
3676,906
1674,988
1298,1040
996,1072
1680,22
2565,302
1878,2849
1876,2599
5216,1233
2560,569
3547,1049
2418,787
2530,299
2119,2847
2916,552
2647,2175
2855,2056
2088,1693
2184,1924
2770,2234
2913,1687
1875,1700
2164,2906
2310,338
2279,1617
1952,1750
2135,1956
2666,2243
3568,1075
2434,3575
2746,1628
2156,513
2251,610
1883,1593
2222,1605
2366,2204
1391,1052
3783,2442
1195,545
2248,446
1213,1058
2128,2837
1886,2516
2465,1960
2071,1693
2831,1920
2037,312
1333,2526
2253,609
2803,1506
1318,585
2247,502
3824,2449
2286,1595
1441,380
2253,1895
2577,375
3671,778
2710,1244
3269,538
3673,870
1530,772
2745,1695
3203,2069
1197,910
2482,1357
2862,1693
1091,860
2249,2005
2692,1816
2815,698
1875,2618
2217,2529
2710,1243
2064,271
1113,447
1589,733
1307,2511
2841,2326
1600,797
1684,2504
1385,505
4920,1929
2074,1693
2253,565
1199,1047
1948,1684
3519,1519
2077,1787
4049,671
2704,848
2869,405
3896,2744
2610,1365
2262,1848
2743,2078
2249,2010
1441,1062
2007,565
3783,2402
3272,463
1879,532
1192,915
3503,2026
4305,974
1999,257
2251,1897
2617,1587
3497,2182
2143,517
2783,2063
1281,835
2190,1913
2125,513
1098,842
1231,870
2001,171
1646,310
2164,1726
2157,1980
1893,2966
1802,101
2022,1735
2590,2975
1578,645
2692,1812
2340,119
2602,293
2922,1995
2400,1686
1962,315
3770,3292
2813,2671
2515,1697
1474,958
3518,2465
2383,1382
1413,601
5095,1157
2114,1705
2579,498
3340,1812
2698,560
1478,837
3676,733
1302,619
2184,1924
2089,374
2285,607
2101,2668
2147,1804
1998,259
2412,1489
2515,1919
2814,545
1877,636
2855,1957
2850,1686
2833,553
2436,1436
1246,1106
2164,1646
2270,1610
1968,2192
2202,1579
2857,1768
3620,626
2861,1920
2698,1401
2251,2006
2920,412
2044,1752
2084,303
2805,1505
3172,540
2761,2529
2387,590
1156,921
2787,542
2493,1246
1389,836
2120,1708
4872,1044
1418,180
3531,1060
3880,1861
3084,477
2120,1801
3200,2375
1196,818
2119,3054
2290,324
1320,2351
1875,819
2925,2142
1305,2493
2643,2229
2711,854
1598,283
1894,2965
2093,1688
1896,14
1161,888
2273,1623
3497,2182
2308,105
1395,521
1875,429
1877,2617
2455,1738
2480,1511
2247,1961
1988,1688
2354,1644
2550,1702
1480,678
2536,298
2821,1469
2007,278
3896,2744
1333,3112
2241,2813
1801,5
2453,1378
1386,597
1877,636
2121,2767
2089,2572
1199,984
2810,544
2803,1505
2354,1549
1896,512
2230,1811
3758,2806
2491,1794
2633,1918
2129,2730
1053,484
2164,1616
2634,548
1639,3336
2245,1915
2175,1924
2840,429
1786,441
2541,703
2948,1959
2861,1920
1970,2900
2758,1595
2544,298
1882,1619
1192,1044
2957,2195
2098,585
737,554
2456,333
2038,2561
1866,309
1399,493
2756,1596
3535,1064
2022,2578
3517,2459
1350,536
2450,1577
851,558
2120,2662
1202,1017
2454,1401
2037,1752
1210,389
3180,1711
2176,1922
4296,844
2775,2237
2252,538
1674,1041
301,1529
2000,538
1181,2241
3324,1911
2268,2236
4885,1042
345,596
1592,1002
3642,2424
1395,1057
4455,912
3851,711
2035,268
4627,882
5095,1156
1382,1039
2096,595
2502,292
1220,373
1874,2719
2436,2350
2049,2724
885,806
2474,1916
1029,758
2008,555
1205,980
1884,903
3260,544
1365,247
2819,2237
1006,508
3391,2053
1580,764
1466,598
2312,1761
2362,1717
2658,932
3515,2460
2145,512
2840,555
2473,1697
2052,2847
2147,1824
1652,1038
2054,36
2272,1614
1042,497
2168,1973
4023,762
1824,3
2208,1834
2046,2835
2809,693
882,2252
2033,2581
3653,550
3532,1060
2785,1957
2661,2245
1724,1020
1473,742
2234,2809
2482,1256
3818,1921
1959,2744
2259,266
2008,522
3023,548
3339,1811
2394,494
2305,1416
1047,499
2556,1469
1245,1091
2925,2136
2753,3187
1565,829
1197,1028
1829,120
2617,1571
1997,1688
2817,699
3706,631
2756,349
2188,1791
1264,674
2252,589
1821,93
1124,569
3245,2417
2990,382
1880,1751
2224,1606
1442,1039
1350,261
2280,1992
1271,964
1578,691
4473,702
1195,1000
3746,3286
2101,2570
3851,3241
2766,2031
1195,413
1106,1039
1195,611
2002,399
2142,1917
2230,2560
1637,310
1875,2832
2211,1697
2195,1498
1296,604
3759,1924
2247,486
1823,92
3515,2458
2768,2077
2030,2563
3039,1915
3496,2121
1796,592
2383,1689
1953,1587
2395,2438
1431,279
2254,2198
2202,592
2416,765
2482,1311
2560,1920
1879,536
2851,1947
2147,1824
2105,313
2025,1757
3835,2448
3858,647
2283,139
2965,2187
86,1566
939,837
4107,1768
1035,498
1878,344
3022,2209
1683,310
3774,3273
1988,2472
2811,710
2092,2568
2816,1473
2765,1916
3826,2442
1463,1038
1497,838
2766,1985
2176,1939
2346,116
2829,1324
2573,422
2917,2058
2850,1357
1870,512
2578,385
2781,1120
5050,1134
3780,2439
2115,1835
1934,1751
2369,2303
2776,2078
5042,1519
2114,1705
1888,2970
4547,903
3505,2440
3395,2166
1994,593
1195,2245
2147,1888
2040,1752
5027,1508
2001,609
2531,300
2825,1706
3505,1077
2336,113
2579,502
1766,314
3983,666
2248,1553
2833,1335
3417,2418
2571,1699
4982,1250
2995,387
2113,1838
2418,779
3795,2389
2451,2336
1089,596
1357,1039
1054,486
3814,1918
2775,2003
1830,2556
2745,747
1906,484
2652,2217
2839,1709
1714,1047
2249,2098
1324,2342
2376,1560
2656,2099
1360,250
3912,3173
1581,423
2724,834
1649,2852
1525,842
2176,1952
2113,1919
2980,538
3481,2442
2158,1534
2409,588
1195,590
1624,274
2252,1897
2184,1918
1863,321
2279,255
2684,1480
1937,310
2572,1797
1878,532
1599,2636
3535,1045
1645,151
2370,603
2452,1484
1380,1039
2757,1696
2473,370
3374,1828
2249,385
1665,19
2896,1681
3741,3172
1947,1690
2855,2052
2770,1696
2614,1440
2606,1511
2186,1975
1277,340
2477,2406
2705,856
1673,2540
1580,763
887,2539
2817,363
1219,842
1342,576
2682,324
3468,1894
1885,2967
3780,2470
2054,1752
2133,2730
736,555
2406,120
4629,884
2152,210
1760,745
2251,531
2030,2614
5011,1121
2852,553
2100,1682
2750,1920
1951,441
1039,491
2742,758
4448,907
1724,607
2253,1606
1601,285
2399,2141
3368,2441
2898,544
1440,383
2165,1690
3374,2437
2785,1821
3539,1891
2166,1588
1200,1022
1306,1041
2247,2002
1793,2564
2964,1336
1438,347
2171,1598
4997,1097
1880,2543
2273,1622
1880,424
1559,734
2308,687
2528,1926
4016,860
1280,343
3568,546
1211,1064
879,2037
5019,1103
2810,1705
2145,2593
2528,2036
2698,958
3988,665
3771,715
2846,2334
1604,1003
2928,1507
1084,2149
2512,311
1199,994
1450,1029
2280,229
2207,588
2242,1591
2777,1704
2611,2972
2175,1980
1502,728
2558,298
1942,662
2418,785
1171,901
5004,1100
2006,259
3317,462
3803,2438
1280,336
2117,2973
2055,271
2117,1840
1682,1003
3510,2454
2160,1729
2124,2709
1257,918
2779,1099
1814,93
1847,433
2892,1327
2533,698
2023,593
2421,789
1782,579
3534,1896
2285,1375
1875,847
3201,541
2051,2723
1385,522
2690,843
2854,1066
2087,2572
2233,2059
2922,1993
2001,1691
2421,777
1196,832
945,528
3325,2452
1788,3078
2282,1825
1114,839
2043,605
2974,751
1611,737
2746,749
2720,1917
1159,859
2417,528
1875,843
1875,2627
1841,2555
2375,2703
2411,580
1419,601
1809,173
1439,383
2913,2038
3465,2600
2217,2194
1873,2985
2137,1725
2129,2767
1008,506
2766,2207
1175,2233
999,512
1197,902
2751,563
1884,2501
933,544
1319,1072
1471,1015
2369,120
2290,478
3072,2293
3771,2433
2743,553
3677,772
2672,938
2242,251
2280,336
2289,464
2823,1698
2803,1699
2129,2733
2601,1688
1361,549
2468,592
2486,1937
3304,2443
3277,541
2005,569
2835,1710
1213,1068
2726,1694
2010,499
1405,1049
2742,2079
3281,467
1197,931
2856,1061
1028,703
2503,1917
3556,2235
2017,508
5218,1236
2615,1461
2647,2366
1595,738
5041,1516
2389,2526
3570,756
997,510
2197,1803
1820,279
1170,1075
2764,2009
3562,1746
1294,598
2830,1988
1033,702
2530,1824
2094,1685
2195,1921
3637,626
4993,1080
2532,1789
1271,1001
2528,2000
2657,2238
817,2222
2143,1804
1711,1066
1446,465
2968,1602
1158,1032
1322,1002
3738,637
2613,549
5066,1681
1954,592
2270,1625
4110,2067
1199,912
2746,1699
1880,889
2131,2885
3544,2252
1312,2555
1879,483
1625,279
2840,432
2705,1700
2929,1515
2154,1604
2126,2700
2248,1958
2129,1693
3798,3272
2775,1915
2540,1314
1624,2446
1959,2744
2368,453
1321,584
3513,895
1420,293
1633,736
3026,780
2295,111
2102,2710
2654,1920
5141,981
2585,559
2172,1804
2075,2077
1998,496
1271,599
2788,2040
2775,1702
3531,1883
1829,1686
2959,2193
2792,1705
1574,443
2931,1699
3526,2255
2013,425
2085,1945
2445,1973
1567,320
2558,3561
3275,537
3784,2401
4306,891
1305,2531
1266,1043
2148,2591
1349,999
2230,2550
2114,2758
2916,1344
1582,592
2015,1657
1880,1691
2236,1802
2448,2042
2164,1634
2775,2005
886,2538
2961,2184
2587,1551
1023,703
2364,2645
4037,675
2422,2344
2854,2007
2986,543
712,1982
2472,471
4296,1380
3076,1859
1678,984
2237,2039
2689,327
3793,2508
2783,384
2005,571
976,932
2049,2719
3503,2412
1620,738
3490,548
2164,1659
2395,1767
2184,1906
1518,836
2136,1963
1940,2264
2549,303
1463,311
1874,1690
2603,1697
1874,2777
2574,2243
3889,1849
2643,1725
2843,545
2855,2062
3552,1610
1031,702
1256,557
2597,1597
1064,806
2545,686
3537,1044
5168,1215
2060,1655
2187,1984
3052,548
1306,2545
1842,1751
3902,772
2289,415
1008,837
1731,1003
2001,610
3555,2233
2136,1963
2765,1985
2891,1690
2164,1682
3434,2360
2164,1759
2454,1707
2774,1978
1560,316
1195,933
2255,516
2364,1484
3769,3285
1068,842
2706,698
1880,345
3505,869
3547,1628
1195,559
2697,913
2306,714
3854,642
1810,28
2059,2497
2287,251
3909,1844
2238,1915
3263,2743
2442,2339
1773,1691
1195,541
2648,2185
2543,301
1477,697
2566,570
2039,2601
1523,1038
1863,316
2904,1682
1294,320
1887,804
2853,1343
2615,1688
1256,842
1246,742
2453,1350
2125,2758
1883,1686
2134,1801
1573,781
1422,1042
2164,1586
4885,1761
2972,1335
4880,1506
2441,1657
2764,2248
2699,1687
1937,1749
2612,1370
3528,1922
885,2352
1575,742
2415,524
2252,490
1868,2978
2253,1895
3809,3264
1863,1708
2580,302
1122,572
2679,628
1364,1045
2702,541
1979,1636
1883,581
4310,1019
2664,3660
2174,1585
2165,308
2277,1474
2220,1933
4883,1038
2541,684
940,540
3480,1889
3167,2360
2368,2735
1525,1082
1196,902
1251,558
2374,597
3544,1868
2524,1180
1197,958
2130,2703
2827,1470
2944,1923
914,870
2978,1335
917,2015
996,1072
3677,725
1928,2721
2120,2939
1874,2777
2958,1707
1983,2367
3495,537
1010,502
3500,2120
1659,2566
1148,566
2080,1696
1580,592
2004,2451
4111,707
2181,2437
3123,2331
981,523
3276,530
2808,693
2359,2756
1893,12
2454,1533
3706,2299
2212,287
1943,1686
2933,1713
3572,1895
2817,1464
2682,559
2110,2754
994,510
3291,437
1879,1600
1644,1040
2760,1696
1800,309
2557,1698
4979,1531
989,503
2452,1484
2168,1553
3119,1550
1710,597
1944,1751
2045,1689
3016,549
1577,607
1583,2301
1874,511
2915,2070
2088,2539
3323,425
1595,724
3243,469
956,843
2162,1720
1196,865
2616,1395
2078,1682
2286,584
2163,1794
2780,2073
2252,455
2219,609
2148,2517
2216,2718
2111,2720
3367,2441
2546,1512
2850,1988
2706,1698
2254,1896
1197,957
2308,599
2129,1941
2447,755
3551,1707
1437,1042
2065,312
1733,1117
1542,88
2699,871
3555,2264
2234,1556
2500,308
1192,1056
2498,1240
2165,1738
2369,2651
2410,581
2842,1687
2782,1243
2850,1995
2848,2415
3784,2479
2075,2957
3241,834
1232,898
2457,1343
918,546
1808,78
1875,2832
2163,1895
2452,1470
2277,1474
2536,1698
2612,1846
3290,527
970,531
1163,1066
1991,238
1818,93
2248,447
3515,2468
1579,792
1880,2770
2854,1342
2303,113
2919,2121
2516,1408
1198,1054
2166,1550
1446,738
2732,538
3670,826
1937,1587
3774,2363
1148,570
2161,1740
2806,1012
2555,1406
1502,847
1573,310
2662,968
2876,2086
1942,1749
2525,1178
2847,2331
2875,2085
3134,423
1376,997
2131,2767
1605,1042
2177,1582
1801,310
1881,343
1315,876
2953,1335
2971,540
1397,738
2547,572
2278,1615
1789,600
3560,2392
3157,1716
1874,330
2352,121
1661,1042
1276,333
2850,398
2903,1962
1840,92
3175,1712
2062,1946
2356,1459
2711,1274
2886,545
1279,843
3500,2081
1879,2554
2655,2239
3792,601
1203,1043
1574,463
2840,1685
2169,1590
1823,92
2689,906
2643,2239
2367,1920
1437,738
2260,1657
3278,2450
2667,545
2157,1848
2784,1563
2111,2706
1312,910
1815,4
2196,1690
3803,2559
2164,1893
3528,1177
2545,576
2354,2138
952,838
1195,921
2016,265
2138,2040
1277,337
2293,110
3001,1699
3509,2009
3834,3123
3509,810
4029,827
2284,1922
2677,2086
2173,1590
1196,902
2546,3568
3558,2270
2559,3565
1202,1042
4981,1265
2850,2078
2104,2491
2614,1787
2271,1384
2007,467
1313,2744
1863,1708
1071,518
2389,1959
2217,2212
1516,861
2664,960
2974,437
2043,1689
1880,2967
2757,2237
1210,1049
2677,692
3256,1906
1945,1686
2647,2109
1938,1748
1583,429
3186,1697
2781,1101
1193,561
2666,1721
1113,739
2850,2333
1959,2744
2024,1752
1966,409
2031,266
2007,1747
1281,333
953,843
1877,699
2184,1908
2720,555
3265,2531
1801,114
2444,2162
2679,1678
2855,2047
1575,729
1317,596
3187,1698
3180,448
2159,1646
2124,2657
1204,985
3498,2066
1728,1077
3906,791
2579,468
1222,1051
2745,1624
2901,557
1782,3071
3488,2432
2960,554
2836,2409
2096,2734
1621,786
1539,89
2523,1794
1196,594
2279,248
1539,1042
3510,2459
2096,1689
1863,1708
1200,1038
3670,771
2906,417
1223,1068
3155,2352
2850,1686
4473,702
1874,2726
2856,1082
2171,1923
1203,1054
2433,1919
2006,301
3247,2419
2147,1937
1447,149
2695,1672
2903,1690
2105,2535
2899,1916
3191,1352
1304,610
1314,622
1467,124
1524,984
1731,12
2164,1721
3405,541
1096,537
2338,116
2768,2031
2449,593
3553,2434
1798,87
1875,2774
2161,1771
1103,1039
3315,461
1350,261
1705,1729
2301,106
2834,546
2916,1691
2764,2048
2271,1617
2527,1692
2159,1841
2286,273
1883,2856
1607,159
2367,684
2709,1276
2438,1645
1369,243
1890,2976
3830,3237
2607,1812
2030,2590
1322,853
1750,438
1784,595
2787,2064
1436,528
1202,1057
2339,1537
1922,1633
2253,308
2291,544
3298,2000
3324,1576
2452,1334
2896,1708
1023,493
2848,624
2123,1710
2459,1403
3764,3303
2095,2574
4378,748
2974,437
2153,2580
1306,2527
839,983
3794,2395
1585,601
3750,3245
2114,2700
2379,1388
3955,762
2008,422
3638,537
2390,2222
2000,538
1190,407
3269,2637
2069,1655
1395,844
2102,2740
2834,1151
2046,2563
1579,1001
1983,2455
2252,606
3923,2318
2934,1560
2366,119
1770,594
1164,884
2514,1919
3033,776
2545,1167
2613,1580
571,853
2106,2726
1396,697
1977,1630
2787,1315
4310,897
2835,1710
2981,538
2559,1167
1751,444
2160,1774
2603,1685
2431,1917
4182,744
2721,1649
1224,905
1015,2070
1776,596
2603,1907
4914,1534
2735,2237
3531,1914
2285,129
1412,485
2444,1675
2447,1424
2532,685
2879,412
1871,324
1338,605
2817,711
2944,1951
2558,1693
4554,2761
2819,1474
2565,572
2038,266
1317,887
2945,1528
2719,1321
3759,3284
2518,1413
2807,2245
3505,2079
1794,600
2289,452
2126,2838
1877,494
4154,727
5128,1172
2596,1920
2773,1975
2153,1978
1268,1002
2192,375
2395,1685
2474,1920
2111,2768
2959,545
2610,1365
2544,689
2758,1704
3528,2241
1551,319
3014,2214
2850,1081
1882,1690
2157,397
2096,2736
3979,1821
1202,1015
3520,1190
2774,1946
783,1909
2371,3570
3319,435
1812,94
2975,355
928,538
2259,515
3530,1098
1307,2613
3675,558
1115,447
3176,1590
877,2345
3113,1019
1310,597
2776,1921
3511,2458
2126,2619
2609,1368
1574,814
2181,2520
2105,2761
2091,585
1199,928
1800,52
2449,1713
2493,3282
2410,464
1915,2426
2132,1943
5159,1349
1582,285
1809,883
3511,590
2463,1316
4029,752
2676,2095
3476,1882
2449,2003
2283,1916
1880,516
2224,2698
2763,1976
3902,2302
1368,602
1633,2410
3497,2403
2516,2691
1268,1000
926,834
1654,1037
1910,2972
2111,2711
2711,837
3437,2427
5199,1527
2449,2144
2340,120
2383,1383
2832,1342
1190,1072
2349,116
2303,707
3777,2443
2554,335
2126,2715
1199,903
3272,2787
2258,2563
1424,285
4300,967
3748,3194
2358,2548
2269,1617
2827,1691
1358,563
1324,1039
1951,1694
2475,1959
2090,1804
2322,108
3272,541
2268,1698
923,843
2523,1181
2648,2126
1881,335
877,998
1783,760
2037,2557
2921,2049
2664,1714
1876,795
2689,843
1911,660
1205,915
2658,1860
2967,1446
2144,1965
2624,1048
3067,1703
2665,2105
1206,1063
2750,1921
1199,771
3858,662
2144,1898
3676,692
2653,1714
3527,1182
2447,1840
2702,1699
2717,1649
2998,546
2663,1004
4064,679
2030,2611
1855,88
1877,1768
1435,1042
1346,959
2464,748
3634,539
2002,1691
5023,1527
2583,564
2724,834
2161,1612
2036,2718
1884,2797
3680,2966
947,836
1886,666
1792,2571
1715,741
2089,2569
2341,129
2410,1794
2164,1809
2477,312
1562,806
3197,2377
2099,2684
2008,429
1119,577
1195,596
2774,1693
2559,365
1874,1601
2248,645
2820,2141
2115,2843
2066,1652
1874,1690
2524,2698
2755,1318
3791,637
2657,2203
875,2039
4473,702
2573,560
883,2040
1026,494
1199,965
2974,2175
1205,977
1536,1036
2421,783
4305,780
1700,1586
2169,1918
2878,412
4874,1425
1422,602
2125,1764
2249,398
2875,2085
1925,517
1294,1002
1379,838
2241,1603
2835,1709
2455,2044
2276,590
2162,1664
1392,1057
1694,596
2164,2503
2709,554
2292,1917
2003,266
996,514
2366,116
2864,1071
2765,2019
1849,2262
1678,991
2448,1647
2075,2957
2766,2188
3518,857
2932,1509
2839,1054
1903,312
2611,1358
2343,2123
2758,1317
868,823
2916,554
1201,2234
2689,1659
2363,466
1906,174
1347,2532
3309,1909
3541,2316
1635,737
2118,2690
2372,1922
2916,553
3276,861
1199,1037
1310,576
1632,789
2856,1967
4336,750
1715,641
1461,537
2155,1976
3313,2443
2247,2008
1434,473
2433,1676
2839,627
1574,738
2110,1834
3527,2256
1867,2614
1514,838
2134,2587
2362,116
4250,1708
1528,1004
2490,1583
1855,1665
1200,987
1751,398
2220,1933
1998,262
2283,2804
2249,2107
2125,2891
1647,457
940,827
2499,309
2161,1811
2122,2844
2002,531
3540,2234
2452,1425
2854,1979
1601,267
3550,2430
2276,246
3676,2625
2125,2924
1605,1003
1259,1039
1197,1029
2279,343
2739,2245
2236,1609
1768,2568
2146,1874
2955,2188
2758,2243
2647,2072
3193,2371
5018,1108
3302,1900
2116,2743
3923,2318
2846,1365
1195,1000
1662,2619
1595,316
1379,1043
2695,1510
2973,752
2266,1618
2170,1922
1177,690
2129,1804
2124,1809
1673,2524
2234,1792
2656,1920
3537,1897
5012,1118
1316,878
2427,2416
1469,1039
1054,448
1949,517
2592,1104
5207,1230
2238,1599
3510,2079
1882,1708
3513,2452
1756,444
1470,316
3298,481
2137,1938
1197,1020
1915,2428
3800,2382
2852,1346
1692,313
1266,1039
3186,1695
1859,2852
1201,1048
1283,331
2060,1655
2161,1737
2391,119
2766,2203
2772,2253
4994,1080
1873,2875
2189,1652
3503,2444
1317,856
1306,1042
1209,1002
1999,161
2480,2704
2124,1923
2596,1718
2097,2730
1037,486
1719,720
1192,927
1461,860
1959,2744
2575,1559
2492,1582
1810,167
3187,537
2619,1722
2220,1933
1891,310
1217,1066
2958,543
3792,2392
1725,732
3317,1757
2245,2053
3517,2413
1185,1017
2966,2181
1128,558
2968,1602
2650,2363
2153,2519
3768,590
2555,310
3451,1892
2655,1003
2262,2013
1067,982
1200,1037
2202,1700
1906,719
2958,543
1421,834
2124,1710
1392,744
2474,3567
3865,3001
1309,2490
3565,1747
1467,1038
2161,1822
2732,1630
5030,1514
2563,574
2791,1132
2743,2165
2374,3573
3441,1266
2640,561
669,610
1874,2717
1961,1588
3181,1628
1283,599
1875,2764
2833,1695
1359,999
2850,1343
1801,257
3551,2249
2685,923
3907,1847
1199,909
1208,1044
2116,2749
2288,470
1206,959
2156,517
1424,1043
2026,1761
1801,770
2760,1702
2065,2620
2045,2503
2021,1745
2230,1807
2647,2136
2607,1916
1623,2447
1138,742
2561,3519
1196,805
2241,2007
2393,1375
2391,590
2993,1690
2142,1852
1876,330
4027,647
3181,2301
1698,1044
2960,1922
2192,1920
1169,742
2510,588
2495,1956
2651,1795
2004,290
2693,1916
1988,1688
1843,1750
2936,540
2875,411
2448,1368
1199,1014
2085,2586
2449,1626
1684,2504
2353,121
2155,1976
2139,1942
2282,587
2225,1934
2113,2897
2931,1700
2959,1946
3730,2327
2367,462
1319,1072
2035,2720
1239,681
1200,1050
2607,1825
2850,1947
2896,416
2367,115
3521,2097
4876,1545
2719,828
2827,1706
2275,243
3638,2744
1434,878
2781,2069
2209,245
2672,937
2087,1673
3789,2368
2141,582
2451,2258
901,2041
2784,1110
3797,2540
2240,1711
3608,903
3247,459
1384,744
1655,3134
2128,2607
2934,1920
2340,127
5013,1117
2134,1900
1865,2986
2202,1934
963,543
1107,552
1578,479
2253,1933
2627,2247
1575,691
2058,1689
2227,1599
3669,607
2786,1113
1191,947
3855,2300
2451,370
3020,1712
2146,2514
1828,315
2124,266
1071,727
1467,130
4037,751
2252,1895
2686,968
2654,2183
2862,2063
2946,1326
2057,1690
2308,248
2557,3568
1589,277
3692,1926
2821,1713
1884,901
3768,590
2178,1919
1661,601
3748,3169
2622,1687
2199,1915
1884,2960
2272,1618
1706,602
4886,903
2235,1921
3374,2430
2292,241
2443,1784
1255,1002
2652,1975
3785,897
2122,2843
2445,1627
2533,298
1247,740
2120,2600
2848,1687
2231,2844
2777,2075
1195,612
2082,2577
2765,2225
1320,587
2071,1798
2138,2592
1200,2233
2251,1998
2750,346
2471,473
2205,1757
2327,639
2241,1674
2165,1615
2337,473
1872,2984
2258,1991
2095,1688
1614,737
2277,1617
2352,512
2846,1066
1507,1001
2660,2115
3041,545
2030,1753
3368,2440
2110,1698
3698,569
4310,914
3160,1716
1674,2303
2669,1960
2495,1692
2448,1938
2765,2237
2185,1799
2903,423
996,1072
2363,1765
2161,1766
1985,1587
2158,1740
2171,1842
1723,1020
1882,841
1379,1016
3301,2435
1199,858
2186,1923
2138,2862
2563,565
2320,298
2279,503
4518,2737
2247,2006
2130,2662
2961,1707
2176,1982
2856,1344
2125,580
3752,3285
3462,1870
2403,3570
1409,471
3002,1911
2352,117
1494,841
1471,601
2161,1667
2612,1690
3492,546
2916,1959
2038,2565
1069,693
1277,337
1519,780
1872,2618
2281,601
4595,880
1233,1042
2289,424
2701,1702
2452,1347
1312,2553
3613,2063
1924,1662
1072,723
2759,2079
3883,483
2022,1739
2340,119
1467,478
2161,1607
2611,1421
1867,309
2191,1694
1210,1075
2327,1785
1199,913
1200,1015
1887,825
2659,2110
2953,1961
3553,2434
2169,1698
2200,1797
2343,111
2250,2010
2574,412
2367,121
2247,611
3546,1705
3335,462
2639,559
2996,2252
2161,1607
1599,155
1229,1073
1243,1001
2161,1613
1323,2554
1434,479
2115,2318
2120,2770
1231,843
3823,2440
2001,1745
2253,2002
2358,693
2860,1692
1794,2584
1580,323
3706,2300
2186,2469
1423,1043
2039,1749
969,529
1543,737
2695,1590
2114,1841
2252,661
4567,831
2703,851
2575,549
1326,574
2132,1801
1010,495
3519,2408
2013,166
1950,1706
2512,311
2122,1844
2666,1714
1842,1751
1884,108
2119,2760
3058,1918
2595,1918
2047,1638
2002,520
1308,2616
1335,1058
2563,565
2239,1627
2046,2563
2309,2123
2848,1357
2850,553
1521,2679
1769,740
2969,748
1574,793
2622,1399
738,557
1875,2632
879,553
3020,549
2577,376
1754,731
4605,869
2624,1313
1787,1035
2184,2463
2089,375
2176,1922
2229,1818
1879,2847
4489,981
2419,762
2703,951
2136,1963
2781,2000
1172,620
2141,1852
2523,580
2537,303
1205,997
879,2220
1608,1038
4711,1081
2608,1908
4031,855
2146,522
2366,470
3459,753
3779,886
2513,602
1677,22
2776,2061
2419,792
2855,1347
3906,730
1885,672
1326,2339
2872,1917
4358,755
1809,197
1963,1632
1507,598
3771,1921
2007,562
2130,1801
4308,743
2286,583
1197,980
2125,2786
3794,2385
2279,317
2066,1654
1119,561
2301,1412
2391,118
2109,1693
2652,2011
2446,1400
1972,1691
3423,2431
3509,431
2077,584
2446,1906
2273,1532
2158,1595
2001,1745
3313,457
2286,1374
2404,2426
1391,508
2961,545
2566,2244
2007,378
2164,1670
2056,346
1680,2586
743,553
2249,2012
2381,598
1141,916
1711,315
3167,540
2902,408
1876,2834
2726,2237
1983,1749
1181,1049
2299,1396
2184,2442
1280,341
2745,2079
2253,1895
3687,912
2659,1012
1309,588
2241,1689
2121,1836
3272,532
1161,2229
1587,887
3118,2335
2567,580
2176,504
3328,424
1152,571
2533,301
2276,253
2090,272
1265,945
3893,606
883,2440
3544,1048
3530,1056
3600,937
1338,1043
2588,303
1196,869
2139,1804
1206,979
1594,806
3265,2531
2095,1694
3159,2282
3192,2371
2450,2269
1330,2553
2022,1643
2647,2180
3623,1041
2526,3572
2850,1988
2897,1689
2689,1448
2630,912
2847,586
2908,1267
2136,1963
3043,542
2549,1512
2251,555
2280,1623
2184,1908
1200,1037
2164,1618
1747,1670
2130,1685
4150,2069
3674,672
2327,109
1574,764
2324,112
2367,1550
1173,513
2824,1706
1641,1038
1595,272
1216,858
963,2043
3712,577
2582,563
1898,622
2040,2407
2742,750
2154,1689
5024,1530
4469,1041
3771,603
2100,1804
2784,1100
2776,2208
2896,1708
2277,1621
1214,1061
1305,835
2004,289
1187,405
2393,1375
1212,1045
2129,1753
2220,1933
2850,1947
3778,896
2047,1752
3856,1885
1823,172
2404,1793
2483,372
2196,1979
2293,475
2655,1041
1294,596
1998,500
1786,2568
3506,2456
2249,301
2332,463
3776,517
3239,1903
1419,243
2087,1673
1836,885
2673,941
2066,275
1251,557
1196,989
2060,1950
2556,3564
2544,298
3638,2744
2205,107
2349,115
2377,116
2150,2520
4100,718
3687,628
1490,114
4881,1537
1250,666
1781,436
3513,2467
2536,304
2865,1956
1851,1686
2355,2512
2999,552
1817,1685
3775,2443
1623,1195
2245,307
852,563
2851,1998
2580,542
1878,2856
2357,2547
2533,3494
1648,2679
1127,564
2038,2696
3499,834
2449,1774
1865,420
4455,752
2374,1563
1635,120
2556,1153
1881,2945
1902,2357
1875,2637
2648,1003
2786,2105
1488,482
4453,912
1947,1579
3433,543
2009,172
1882,2609
2711,1244
3923,2318
2494,1511
1947,1696
2581,495
2102,1801
2253,447
2252,680
2096,1683
2454,1630
2159,1891
1548,605
2178,2433
2184,1922
2142,2358
878,557
4180,736
1472,129
1905,2950
2822,1469
1649,2677
1833,641
2250,2005
1528,785
2374,700
2284,1375
2193,1908
3897,701
2555,334
1984,310
2667,1916
2799,1553
2131,2731
2139,2513
2351,2770
1155,2224
2154,517
2450,1638
2392,1796
3700,2006
3057,2290
2845,2088
3673,1915
1476,655
1479,996
2694,1241
2600,306
3115,538
1972,2582
1998,500
2841,628
2425,1437
1976,1688
2765,1985
2822,2053
2366,119
3646,536
1199,995
2899,1690
741,555
3689,784
2917,1339
2054,2845
2145,1804
1625,279
1664,736
2982,537
2216,1835
2252,274
2864,1777
2189,247
2851,1344
3037,1704
2457,1309
1756,542
1681,2619
2607,1780
1030,493
1195,545
2607,1650
2798,1122
2292,1399
1238,1075
2141,589
1094,960
2422,460
1631,741
3326,1916
1297,2531
2477,368
1986,2196
1773,598
2609,1701
2328,1792
2130,2731
2255,2412
2379,1918
5200,1509
2276,1615
1634,314
2161,1791
1890,349
2839,565
2648,2090
2851,1995
1881,620
1206,1056
1574,813
1030,704
3560,547
2941,1549
1522,837
1323,2524
2146,1872
2249,2022
3615,1905
2334,1944
4874,1401
3481,2445
1380,513
2500,1220
2689,328
2184,1922
3705,1926
3269,996
2253,1895
1574,660
1877,1632
4410,741
2176,1940
3377,2433
1099,428
1818,98
3753,1875
1530,854
875,2602
2609,548
5211,1231
2809,693
1311,581
2848,1998
2597,389
2414,775
1440,357
1664,2554
1950,785
1373,229
1666,1037
3686,2963
3497,1272
1744,595
1351,260
2829,1432
1329,593
2975,2176
1054,843
2143,1695
1830,593
2203,1923
3519,1186
3171,751
2043,1752
1652,2691
1234,1056
1162,2231
2007,542
1200,1017
1159,2228
1816,11
2838,1724
1490,477
2077,1689
2124,587
1983,1691
4087,683
1806,255
2284,231
2353,1778
1755,736
1885,668
1869,2598
4323,740
3489,2433
990,2084
2195,1978
2675,949
1674,986
2712,1245
2156,1743
5147,1350
1757,443
2627,3551
4472,763
2758,1696
4978,1257
2531,298
2062,1949
2449,1717
4383,3098
2449,1337
1882,393
1886,1618
1553,295
2428,589
1197,1011
2532,684
2301,579
3505,2011
2294,427
3333,453
2133,1804
4193,739
2071,1798
2651,2170
2329,110
3070,1696
1643,310
3982,623
1880,446
917,2051
2269,2162
2162,1736
3676,796
1467,607
2828,1317
2188,1950
2373,2704
1356,2523
2456,1330
3497,2116
2124,2543
3562,1019
2548,1171
1549,1038
4486,778
3706,2314
3825,2450
1741,3232
3539,2233
1865,603
1292,606
1151,3011
2246,251
1778,966
5201,1519
3493,2020
2063,1946
4032,742
2105,2652
1199,1019
2420,783
2369,1863
2275,1919
1771,1032
5214,1233
2043,2727
5033,1516
2206,1566
2269,2408
1127,582
2557,1698
2080,315
2614,1717
3545,2238
1559,280
3197,2386
2837,698
2325,693
1194,916
3822,2440
2845,2409
1273,1042
2243,2040
2283,1793
1252,1004
2235,2022
1694,1546
1782,2570
2691,1400
2374,684
1322,582
2116,2844
3467,1895
4036,750
2002,518
3904,1843
1683,1025
2168,2512
2778,556
1517,982
1662,772
3123,2329
3527,1888
3181,2363
2163,1893
3021,779
2607,1674
2134,1958
2316,1931
2265,2040
3479,2440
2502,1975
3188,1672
879,2241
2487,1247
1878,7
1640,3336
1730,1006
2372,116
1831,511
1231,356
1287,326
2579,440
3513,1498
2613,1684
2148,1913
1411,276
2735,2244
2192,2478
1277,337
2279,1617
3705,567
1960,593
2382,494
2662,702
1875,1700
1447,144
1329,1039
2102,1801
907,1826
1305,2537
1298,323
2788,2237
3476,3262
2262,250
2516,1414
1395,503
2606,1702
2253,632
1197,981
1318,617
3125,2299
2695,846
1670,2578
3855,630
1177,913
3795,2368
1657,996
2484,2722
1871,327
2822,1357
2935,1684
3634,549
2648,1796
2452,590
1254,557
1578,706
2278,1615
3974,1822
1207,849
2173,1979
2624,1486
1868,333
1927,2231
2422,2345
1316,2351
2204,1734
2194,2411
3896,2744
2964,2188
2069,312
2140,1733
2025,1689
877,670
3485,2432
4566,1551
2165,1649
3342,1813
1877,1691
2114,1840
2712,554
2253,668
2269,1623
1662,2513
2247,483
2174,589
2314,110
3328,1907
1197,630
2281,2038
1876,2762
2849,1345
2519,1961
2588,1693
2160,1789
3282,471
1009,491
2164,1749
2746,1628
2536,303
3276,2777
2170,1579
2252,661
3517,2468
2345,2584
2737,2125
1945,1692
2024,1729
2854,539
1539,743
1197,1019
2033,2327
2359,1765
2917,1691
2798,1004
2981,1714
2311,271
2125,2618
2033,312
1867,2834
1396,498
3445,603
2556,1469
3175,1354
3605,921
2156,2771
2117,1804
2376,1561
2202,1979
863,2432
2562,578
2143,1953
2613,1393
1215,972
1670,97
3797,608
1445,1125
2850,1686
3182,1354
2855,2154
1003,2177
3175,1354
1574,665
2675,949
2715,1924
2961,1707
2693,1669
2445,1400
1844,741
2449,1957
2444,1650
2116,1835
2179,1920
3738,3125
1200,1030
2220,1933
2918,2072
2539,584
3326,443
2556,1150
1884,2609
2176,1922
2325,1551
1836,431
3516,2470
1449,465
2122,1839
3858,647
1544,83
1819,600
1411,1007
1882,1575
1455,1039
2764,2520
2470,1919
2260,1896
3458,747
3814,2000
1971,1587
3778,2465
1801,752
2140,1726
2131,2761
2334,1957
999,804
2552,3567
1876,2627
1773,603
2853,1344
1245,992
3218,2448
4079,677
4320,749
2453,1357
2145,1947
2532,686
3807,608
3165,2361
3315,1670
1658,3163
1454,1039
2274,1615
3824,2453
2367,1903
1656,2680
3777,2422
2034,176
2253,2024
1657,2695
2935,1505
2024,1735
4282,746
3226,1899
1296,1040
2937,2152
2291,1397
1730,1005
1880,449
1199,1036
2032,166
3700,2956
2172,1925
2124,1781
1429,1042
3029,548
1249,541
2470,1284
5022,1505
4307,870
2655,999
1834,801
2609,1125
3785,2385
2663,1005
2575,373
2206,2260
1477,650
3773,2444
2106,1802
1801,5
2165,1593
2579,448
2177,1932
2230,1560
1314,622
1281,336
1879,1596
2009,369
2474,1917
2322,699
2023,2568
2366,1959
4285,2626
1364,882
2004,161
2024,1741
2078,1683
1887,2959
4080,680
4068,676
1700,17
2729,1637
2227,2079
3513,891
1882,2776
2169,1698
1035,700
2300,607
363,956
1875,2740
1029,703
3668,828
2008,166
1760,449
2320,510
2562,571
2767,1317
2646,2195
4173,728
2308,1957
2398,1778
1009,502
2017,2614
2770,1917
2904,1680
2864,2063
5028,1504
2878,408
2645,2128
2677,376
4313,1033
985,519
2851,1879
2773,2310
2270,2151
2537,684
2841,429
1388,508
2773,2205
2141,2647
1513,938
3314,462
756,639
2009,590
1961,1603
2093,303
2147,1834
3532,1098
3779,2286
2653,2199
1303,604
827,1029
3492,1877
2216,630
2543,327
2191,2430
2165,1670
1344,1039
2075,1693
5233,1259
1352,1042
1199,916
2024,172
4491,772
1951,1711
1724,1017
3243,2456
2361,2769
3500,1876
2846,530
1652,1038
2835,1710
1883,890
1888,682
2660,1513
2500,1918
1330,551
1651,3164
1879,1587
2787,1100
2765,2528
2038,2560
2300,102
1199,908
2061,1950
2848,1343
2358,1757
2179,2712
1211,1062
3502,1886
2445,2041
2747,1923
3097,540
1316,883
2561,3489
2690,894
3186,2366
2786,1957
1508,315
892,2516
3551,2433
1814,4
1684,2504
3250,464
3552,1610
2852,1339
2109,2731
2341,115
2092,2577
2397,2422
3261,2565
5062,1672
2491,1557
1679,2565
1907,754
1705,2586
1320,883
2607,1779
2346,169
1391,601
2558,299
1319,2548
1176,915
1513,841
2234,607
2469,2299
3533,1049
2702,1699
1192,935
2571,435
2606,1717
2978,549
1198,421
1162,1033
1226,837
2546,701
1316,550
1069,835
2032,2580
2012,243
2652,549
2788,1317
1301,834
1637,2436
2779,1116
1982,2201
1881,1617
2365,1550
2270,1624
1202,1070
2577,440
2422,2344
2206,2326
3208,431
1955,1687
3792,876
2201,1916
4031,654
2743,2078
1659,2701
1869,1590
4134,716
1574,775
2129,1693
3873,666
2278,231
2127,2926
3257,530
3121,2299
2837,1687
2188,373
879,668
3302,461
1396,1056
2361,675
2740,359
2255,2000
2719,1060
3002,1700
2580,540
2972,1703
5182,1228
2617,1776
2574,459
3501,1569
2464,3490
4078,679
1598,157
3481,2447
1171,917
2126,2681
1518,1044
3474,532
2362,1549
1373,247
2416,3580
2132,276
2163,1751
2115,1801
2293,534
1469,2720
2368,305
2617,556
4500,713
2402,2539
2166,1791
2340,1565
2105,2653
3525,2442
1876,2721
2536,311
2208,1533
2185,1919
879,697
1757,445
4269,739
2606,1315
2265,509
4453,793
1732,719
2704,848
1996,642
2039,2178
2638,649
1986,1692
1263,1040
2565,584
2006,421
2903,412
3235,468
2059,301
2698,1666
2567,579
2242,2805
2253,600
1347,262
2837,1684
2617,1791
2160,1728
3021,1712
3279,2436
2235,3096
3241,458
2362,1553
2100,2771
4104,684
2293,441
2605,1421
1921,514
2835,1710
2043,2742
3271,3069
2500,1219
2252,464
1983,2455
1624,2446
2247,2005
3489,2450
1743,311
1341,1042
2773,2300
1930,178
2138,2864
1884,501
2236,599
3947,705
2225,2637
2779,1704
1201,2179
2612,1668
2107,2722
2149,2503
2065,1948
2946,1325
948,537
2096,2571
1200,1051
2149,1794
1696,3183
2594,1916
2884,546
2774,1980
1463,137
1215,1062
1285,330
1997,375
2848,1332
3524,2321
2073,306
2669,2281
2853,1063
2199,1976
2475,1793
2009,215
2779,2066
2160,1579
2671,938
1724,1021
1200,598
1626,1790
2061,1949
2566,577
1724,1020
3515,2342
4274,1771
2497,1234
1796,4
1477,669
1777,1
1192,2237
3920,797
1200,994
871,2705
4456,912
1637,2437
2918,1961
1598,281
2563,3497
2476,1919
2354,2491
997,513
2187,1924
2188,1902
906,549
1807,63
3442,531
2213,2195
1300,584
1731,1006
1874,1590
2855,2026
2768,2223
3514,2022
1876,582
1886,521
3786,895
2390,590
2176,1918
3499,1885
2762,546
2250,2012
1867,2834
2612,1639
2384,1917
1879,1576
2039,1749
2964,541
1730,1014
1227,354
1662,2625
2619,549
2964,1334
2551,3596
2420,1681
2249,2008
3251,1897
3525,2027
1861,695
2993,1687
1643,2911
5082,1364
2848,1354
2257,517
5171,1207
3008,2318
2927,1696
2327,1602
2564,1159
2533,308
1248,1040
2722,555
1802,749
1188,398
1579,750
2675,1923
1202,1044
2816,546
2247,1994
2630,3553
2468,733
2364,1940
1274,327
2484,1920
1678,279
2440,2226
2412,580
2421,1349
1584,284
2151,1956
1561,831
2743,754
1730,1009
2061,1950
2548,304
2857,2372
1580,323
1731,1005
2078,2701
2022,2853
2729,1637
2854,1986
2456,1685
2766,2126
3976,644
1600,105
2282,2340
2902,1370
3428,1865
2174,1930
1555,315
2159,1738
2641,1698
2544,690
1810,977
2496,373
2142,1943
2527,698
2808,1121
1709,2587
2918,2061
3771,592
1998,1688
2593,1615
2170,1923
2643,2239
3669,867
2096,271
2573,623
1878,548
1329,1039
2531,690
2768,2001
1581,739
2125,2667
5035,1518
3289,528
1868,2717
2379,1388
2439,2052
1598,267
2368,118
2114,2723
3269,2783
1734,1012
3859,617
1041,495
1866,1789
2281,1730
939,2060
1590,554
1802,256
1216,858
1321,1002
2185,1930
1440,601
2380,2539
2557,3563
2398,506
1477,930
2777,1112
1137,1000
2213,1901
2455,1303
3796,2392
3488,2439
3747,3108
2607,1809
2808,759
2279,248
3027,782
2345,169
1311,572
3271,2784
1792,477
2254,2553
5101,1152
2690,843
924,834
1879,2612
2654,3658
2863,549
2886,1916
3630,553
2606,1662
1756,875
3542,742
5049,1648
2002,271
2385,3576
2025,1749
1189,1082
1799,1746
1360,737
2486,2228
1857,646
2554,335
2066,1654
2177,260
3001,1696
4956,1072
2563,568
1070,519
1519,99
2647,2313
1316,2288
1466,598
2775,1690
2668,1519
3219,536
1039,496
2565,575
3513,2418
2390,1773
2718,833
2985,393
2285,1389
2992,1693
1677,273
2127,2760
1171,739
2523,592
2755,2206
2127,314
1194,540
2118,2788
3315,2443
2750,1316
2132,2767
2692,3665
1291,614
2044,270
1196,552
1155,921
1807,106
3521,2345
5204,1525
2249,2024
1866,696
2100,1693
1313,2547
2579,578
1554,602
2009,379
2020,2583
1309,1042
2573,425
1308,572
2833,1335
3604,906
5122,984
3547,547
1489,115
3061,543
2170,1917
2625,548
1209,1033
1874,324
1594,851
1200,1052
4896,1494
2280,1751
2877,2081
1343,573
2577,376
2651,2071
2326,1794
3154,1899
2162,1728
1202,1048
1542,596
2178,1936
3675,866
2149,509
2848,2331
3423,1905
4082,852
2555,307
2797,1114
2510,3496
2344,164
2028,2735
2484,721
2201,1628
4316,732
2099,2567
1654,1001
2116,1708
1280,335
2447,1309
5199,1229
2866,622
1905,2685
2218,2534
1200,1022
1314,622
2198,1975
2700,1397
2141,1803
2278,247
2176,1922
2656,1870
2130,1773
1783,3077
2269,1613
2203,243
3513,2021
2140,1942
2854,2311
2753,346
2481,3496
2543,1681
2339,1561
2850,1328
2902,1370
1285,1039
2452,591
2849,1334
2587,2972
2088,1674
3898,701
2225,1603
1884,528
1193,416
1922,612
2206,2260
2349,1778
3507,2452
2059,2621
2239,416
2556,1469
3985,1103
1898,435
1878,590
1880,1726
1864,327
2671,938
2201,1756
2279,353
3513,2456
1199,759
1193,1054
1213,1050
1674,1040
937,2047
898,2533
2447,1385
1784,539
1638,315
1649,1764
2120,2682
2828,1961
2292,110
890,773
2063,1949
2035,179
2814,1462
2852,1990
2294,499
2260,1476
1199,897
2126,2722
4308,956
1922,1690
1023,703
2034,3596
2221,1594
2449,1917
1256,1040
2185,1908
3794,2434
1669,310
2829,1323
2523,1184
3176,2358
2364,2694
1778,966
2648,2348
2160,1870
2690,1558
2158,2503
2447,1308
2649,1693
2085,2757
3277,473
1841,635
5111,1158
2458,3567
2679,942
4471,753
1579,733
3016,747
3606,922
2677,945
2464,3490
2773,1694
2155,1976
2127,2907
2795,551
2118,2624
2238,1998
3752,1924
1876,2762
1197,630
321,1527
1564,602
1578,511
2208,312
2450,1420
2703,361
4126,705
1880,2853
2496,2289
3168,446
2371,2339
3776,902
2531,299
2261,1371
1959,2744
3113,1912
2583,1798
2363,1806
1863,2988
2278,1615
2682,560
1579,752
1514,989
2850,2353
1851,6
855,556
2151,1956
3477,984
2046,2593
2854,2069
3213,1814
1781,574
2124,2585
1473,681
781,1947
1248,340
1376,233
1583,1002
2010,2198
1235,1037
3497,2041
2024,265
2160,1605
3381,388
2678,944
782,565
1306,2504
2756,736
2709,1916
2537,1309
2774,2025
2781,1097
1030,476
1838,314
2109,1693
3770,2443
2300,589
4124,711
1248,959
1986,604
1983,1587
3158,1715
2124,1689
5141,985
3912,1843
1192,1042
2548,1516
2354,122
4557,2761
2737,2237
1887,356
1321,2534
3022,548
2498,2794
2440,3581
3535,318
2512,1701
1849,437
4040,838
1185,403
5070,1677
1316,1039
4119,940
1875,843
2940,1593
2129,2596
2059,2617
2117,2977
2278,261
2022,1712
2096,2576
2613,1576
2940,1959
2300,1403
1522,993
3465,2603
1576,766
3466,2603
2535,1793
2176,1939
2506,599
679,1905
2823,2069
885,2535
2610,1359
3100,550
2609,1370
2828,1365
1933,1631
2625,548
3644,2433
2505,600
3243,2415
3790,2413
2051,2216
1555,835
1214,373
2694,885
1286,328
1468,1040
2171,2505
1200,1049
2288,1923
2769,2004
1660,776
2121,2680
2607,1809
3558,1108
3639,903
5022,1515
1438,611
3974,613
3497,2118
2851,1352
2164,1586
2141,1761
2130,2913
3270,378
1998,507
2574,453
2044,2458
2451,1582
2248,1912
3268,2631
3261,2569
2525,601
3281,470
1625,279
1886,2959
2155,1804
1188,2238
2808,692
4123,883
1314,873
2252,2011
2006,691
2875,546
2112,2696
1616,1003
1224,839
4973,1259
3330,442
2366,2706
2504,1917
1352,265
4978,1069
1110,1026
1877,2722
1158,2226
3979,615
1265,1040
2199,2310
1235,883
2754,1394
2226,306
1350,261
2038,2564
2082,1687
1270,1002
3986,610
2607,1649
3776,2422
1368,236
2756,1704
2627,3418
1820,860
2252,1896
1815,641
2955,1935
1212,1121
1832,512
2253,487
3504,2031
2562,569
1263,1104
5191,1234
2092,1940
1247,982
3171,1715
2253,306
4883,1756
2862,2157
2658,820
3781,2472
2546,1411
2085,1684
2164,1870
4003,867
1905,2356
2234,607
2436,1919
1089,2145
2917,2083
1170,409
3858,647
2362,685
1667,2776
2249,420
3225,540
1367,1042
3766,601
2248,423
1763,1016
1161,884
2563,1145
1807,89
2823,1359
1946,1687
5104,1148
1475,1001
2632,1693
1878,2617
2120,1689
1093,2151
2247,2027
2663,945
2672,946
1504,105
1192,1052
1989,1691
1275,932
4099,678
2350,2314
3680,781
1886,883
4490,773
3738,3127
3486,2440
2289,117
2008,450
1550,827
1246,1054
1573,782
2525,1776
2460,1424
1692,3199
4072,683
2911,1682
2769,1699
2824,1107
2761,236
2774,1927
2336,1562
2512,1491
2583,492
1310,2289
1869,2616
1465,314
3679,756
2124,1689
2273,1619
2171,1835
1521,1000
2582,563
2022,1740
2276,245
1114,682
3256,1896
2247,522
1633,789
1010,502
2059,1947
2267,2564
3573,551
1365,2529
2168,1581
2858,1933
892,2329
2604,1802
2545,1692
2690,1490
1324,899
2580,569
1200,1036
1441,382
1578,784
1982,1760
3250,1910
1458,597
4310,895
4469,741
2580,463
2200,1615
2956,1705
2220,1933
2689,1573
2448,1804
2579,550
2178,1586
2076,2746
2184,2426
3866,595
3983,1819
1694,3182
2713,1913
3768,2449
3049,1915
2319,108
1200,996
2850,1935
5039,1522
2757,1696
2186,1962
3505,1885
2152,2519
1891,2959
2846,1338
2154,1693
2107,2727
1116,434
2335,624
2917,2061
1195,835
3718,624
2312,1761
2790,1332
2451,1917
3206,458
2044,2738
2951,1867
2710,1321
1370,241
2800,1526
1877,1740
2275,1619
2574,550
2397,1691
2119,2764
1087,2145
3691,2958
2151,2580
1876,815
1394,958
3279,481
1868,309
3266,411
2910,417
2755,2244
2768,2260
3814,3251
2452,1535
2109,1693
1992,2458
2587,690
2134,1946
3515,2457
2272,1618
2723,1694
1880,1707
3269,2636
1195,603
2198,1974
2038,2354
2154,1982
2512,1479
2041,2564
1581,280
1891,1620
2198,1977
2797,999
2269,1550
2158,1597
1587,277
1199,618
2968,1602
1722,2619
1565,314
2202,1694
2469,1409
2032,2546
2018,2577
3854,631
1572,471
2545,1532
1675,1038
2735,531
2549,573
2092,2575
1193,402
2402,1918
2124,313
2075,2957
1723,3333
2734,547
3564,1894
1884,888
2244,1904
1677,103
1658,2628
2647,2084
2185,2431
995,514
2975,383
1965,1630
1888,2777
2140,1668
2451,1400
2483,371
5134,1176
2644,550
3457,1867
1952,780
2127,2651
2911,534
2271,1619
2418,1449
1195,550
1730,316
2249,530
2152,1804
2185,1908
1454,1039
2439,1783
1488,743
1579,415
1296,1039
2402,372
2664,939
2024,1723
2146,1750
1865,1788
1802,82
2767,1696
504,656
2495,1244
1195,684
2126,2641
2647,2193
2340,119
2553,1960
1873,1751
1390,740
2866,1080
2183,268
1573,520
2924,1691
1876,815
2288,504
1200,1031
2443,1828
2349,116
2274,1623
3604,914
2647,2239
4112,708
1174,886
1268,1042
2177,1914
2689,1663
2173,1747
2432,2343
2888,551
2283,1790
1774,607
2118,2862
3791,3268
3971,709
3496,2147
2040,2720
2515,1481
2058,1689
1886,825
3504,1500
2599,792
1884,508
2336,1562
1844,94
1640,431
2141,1691
2370,1763
1876,817
2536,1698
2064,302
2259,274
2663,3570
2899,555
2253,563
2153,1976
2758,2243
1864,2836
1468,845
3148,1901
1283,599
2765,552
1592,743
1912,593
2523,579
3792,2480
2192,1539
2112,2531
2386,1381
3546,1710
2455,1401
982,512
2120,1923
2529,1185
2360,1772
2227,1676
1302,847
1145,569
2990,1701
2563,581
2130,2661
2114,2875
2230,614
3814,2000
2349,1475
5209,1519
2721,1650
2251,2000
2005,215
1482,598
2100,2740
2081,311
1651,3164
2788,1705
1200,1018
1876,2771
2366,118
4989,1086
1993,1587
2943,1540
2023,1746
2253,1933
877,2319
1301,616
2993,1697
3539,742
1321,585
2574,462
1833,1778
2190,1914
2529,303
2767,2208
5207,1240
1327,2524
3671,766
2125,2659
3423,1910
2105,2758
3604,1545
2576,456
2534,302
2084,2363
1352,601
2465,1960
2391,119
1784,3076
1276,339
1182,1049
2928,543
1305,2534
1648,98
1199,1050
2062,2622
3800,2382
1195,550
5224,1250
2230,1688
1270,905
1762,1032
2539,582
3029,776
3509,549
976,1840
917,2028
3747,3220
3206,1712
1611,850
1128,579
1132,1049
2220,1933
2464,3490
2746,1704
1308,563
3871,1878
3796,889
2857,2418
2771,1696
2022,1634
2208,374
2249,1596
2101,2733
1385,1039
1195,549
2690,1558
1865,2978
1573,577
1945,1584
1094,863
1838,33
1372,242
2743,744
2694,1817
2625,1916
2248,2016
2305,105
2131,2767
1644,310
2283,1821
2169,1854
983,520
2580,540
2737,2238
1662,2622
1193,580
1657,2293
2547,702
1989,2458
1160,888
2909,542
2804,1506
1305,1044
2607,1871
2140,1875
2111,2724
1575,719
2158,596
2703,851
1861,2986
1635,120
5043,1521
1579,750
2276,271
1655,29
2285,1734
3262,460
2808,692
2435,2349
3269,531
2160,1689
3817,3243
4299,1427
2868,2407
2154,1793
2022,1730
1874,2723
2065,1658
3768,894
2579,542
3604,916
4629,928
2885,2137
2936,1508
1985,603
2161,1614
3517,2466
2676,445
2893,1682
2667,1669
3264,2739
2084,1929
2070,2574
1308,1042
3292,537
2253,1933
3186,1696
1396,517
2181,1794
2578,462
2490,1242
2132,1800
2386,1379
3824,2453
1696,3199
2574,462
3269,296
2121,2919
2287,113
3258,546
1827,1787
3788,2385
2390,2437
3511,2030
3319,546
2702,864
2077,2693
2448,1858
3037,1915
2163,1893
3331,432
2398,502
2550,1692
2239,1689
2021,306
3986,637
3331,431
1357,1022
2078,1682
1198,989
2429,2346
2744,804
2188,1602
3750,586
3503,2090
1161,891
1573,818
1851,1689
1059,1039
5193,1517
2576,434
2819,701
1196,906
2155,1976
2292,1917
1515,983
2299,1867
2198,1832
2788,1306
2207,1588
2095,1687
3276,2434
2904,1680
1811,162
2298,1793
2821,1344
2080,2524
1040,489
1498,596
2584,1116
2416,473
1199,911
1933,1748
2449,1810
1268,1039
3973,1822
2126,2740
2244,616
2480,368
2578,563
2579,456
2271,1611
2335,1752
1809,4
2640,2239
2120,2636
2164,1895
2686,1806
1187,1061
2248,634
2114,1802
1192,921
2524,1185
3531,2244
2611,1795
1477,824
2126,3060
2120,2832
2711,2940
1198,551
3266,2634
970,531
1890,479
1424,738
2538,313
930,844
2289,474
2545,301
2364,121
2264,1618
2838,1379
2736,531
2079,1686
3677,801
2123,1789
2750,340
2618,1426
2787,1098
1338,838
2710,1244
2851,545
2240,1635
1651,777
2465,1886
2200,2319
2583,1795
2155,1976
1198,1051
1621,855
3281,466
2070,1657
3728,2322
2577,494
2542,703
3864,633
1313,2744
3687,570
1873,844
3956,705
2815,1962
1070,706
923,546
2576,376
1013,2064
1984,2601
2032,2579
2402,122
1941,1687
2367,1785
2153,1666
2370,1402
3906,674
2451,1324
3246,462
4982,1075
1190,583
2576,494
2453,1678
2837,1374
51,1399
3513,2452
2272,1621
884,2242
2575,409
3730,3314
2756,2540
2380,600
2305,107
2465,1314
3330,1790
3049,1915
2934,1693
2078,1682
2509,603
2663,963
3783,881
884,2319
2757,1696
2780,2237
2009,217
2510,602
2133,1716
2010,155
1413,1039
1671,1038
3524,2409
3007,1707
1881,411
2697,938
3448,545
3421,2424
1985,2212
3048,390
2368,305
1959,2744
5193,1521
1896,14
2848,1443
1536,311
1796,310
2252,455
3555,2258
2080,595
1202,2233
1390,1051
2271,2549
2253,605
1558,1005
2008,593
3105,541
1195,596
996,1072
1262,658
2359,1771
2285,1734
2706,1960
3493,2440
2339,492
2183,269
3356,433
1201,909
3177,1518
2516,596
2202,1970
1751,1029
2248,1659
1478,690
2714,1692
2766,2213
2163,1895
2259,1690
2839,2204
3258,441
2759,1704
2036,2557
2159,1840
1472,728
2356,2767
2936,1520
3490,2033
2161,1750
1812,3138
5159,1349
2062,1946
3275,2787
3784,634
1724,1021
2365,469
1689,310
1151,570
1293,1042
2364,2744
1274,840
2314,106
3564,1752
1290,2479
2864,1071
1276,1042
2830,384
2369,118
2454,1709
3490,2036
3893,606
2170,585
2536,1796
3521,1516
2704,850
1573,627
3523,1100
2274,1644
2127,543
1266,1038
4310,838
2125,3335
3465,2601
3496,2104
1195,596
1489,841
2638,649
2657,332
3373,2435
1913,601
4281,744
3023,1715
1301,2534
2422,3572
1923,1627
748,637
1902,755
2984,389
2248,2008
2206,1984
1807,75
2080,2586
2161,1640
2149,1952
3613,1904
1317,2502
2170,1923
2845,558
1313,2554
2657,332
2118,1839
1864,2853
4094,691
2785,2072
2841,2079
2791,2161
2721,1649
2422,323
2576,1697
2867,1690
881,2679
3522,895
3443,506
2334,1788
1579,787
2420,764
3271,469
2851,2052
1960,1691
1424,878
1176,1072
2111,2791
2941,1629
2607,1791
1746,442
2257,2040
3280,474
3013,2214
1750,1101
2618,1435
3217,452
2735,1693
2111,2722
2134,1900
1419,469
2103,606
1251,838
3330,427
1212,1121
2242,1620
996,514
2445,1973
1997,500
2111,2732
1973,2432
3497,2173
2445,1793
1580,304
1362,1039
2802,1411
2146,2593
2782,545
1801,114
1214,1079
3284,2433
2416,606
1531,597
1876,662
1733,315
2116,2844
4479,693
3606,1906
2025,1641
2804,1369
1886,422
2667,1001
3263,2567
2747,754
1788,3083
2247,2031
3814,2000
1257,1040
2230,1993
2003,420
1807,2568
2415,1793
2149,2586
2757,2533
2173,1920
4315,896
2084,2761
159,1595
1586,280
2468,1401
1580,757
3521,2350
2070,2577
1221,1071
1383,224
2125,2755
2545,2239
4311,2826
1578,545
1687,1042
1280,338
4197,745
2931,2150
2120,2606
2194,1929
2146,1894
2652,2176
1823,735
2604,1517
2810,544
3254,1896
2182,1910
2243,2808
2806,1119
2185,512
1038,490
2165,1679
2530,2323
3497,2082
2049,2848
3519,2406
2343,115
1874,1690
2118,1795
1537,313
2165,1646
3739,2326
3515,2469
3673,868
2116,2718
3746,3286
649,2250
2677,929
2693,904
2380,1874
2682,325
2252,646
1882,2856
2611,1773
1768,1689
1214,1118
2143,279
1210,1076
2470,1284
1079,844
2336,1562
2824,1462
3271,2435
2154,516
2079,1682
2057,1648
3789,2421
2606,1702
3527,1889
2705,855
1190,1072
1236,842
1241,524
2859,1080
1279,341
2613,1651
3809,2389
3711,3289
2176,1584
2061,319
1275,843
1802,121
1879,2854
3265,743
664,608
1853,1710
2873,1610
1334,1042
2304,1980
1336,1001
2458,3569
2444,2277
3442,510
3540,2233
4884,1514
2661,1520
1280,591
2008,307
3242,464
1802,165
2247,251
3715,603
3711,635
1812,161
3768,2446
2280,2299
2611,1761
3280,462
1474,119
2852,1693
3784,2602
1541,2922
2879,545
1861,414
3270,1738
2159,1751
2465,3490
1202,1015
2746,1622
2528,1858
2904,1380
1180,1003
2774,1978
1771,1689
2124,1917
2065,2613
2008,220
1670,1040
2220,1933
3532,1060
3767,3278
2767,2058
3262,2570
3518,2242
2133,1764
1941,1683
4982,1266
3008,1219
931,548
5198,1522
2148,1934
2984,2181
2534,317
4474,793
2892,1685
2161,1835
4043,853
2581,410
2700,1590
1947,1706
2247,2000
2146,2515
2407,588
1514,104
1885,458
2065,1693
1389,743
2127,276
2418,786
2776,552
2378,1641
2894,552
1882,2551
2484,415
1205,1036
2341,109
2367,121
1673,768
4449,912
1899,2955
2267,1689
4093,863
2155,517
4923,1503
877,671
2235,1598
1699,984
3854,644
2202,104
1684,963
1620,2434
2198,248
1771,2564
1124,422
3213,1814
3202,2376
996,1072
1509,2548
3163,1899
3327,444
2293,500
2773,2208
3095,539
1232,870
1514,940
1199,902
1912,601
3529,1917
1508,767
2896,1708
3189,2362
2893,579
3507,1489
1154,835
2059,2621
4955,1073
2765,1987
2583,515
3771,2454
2803,1000
2766,1932
2943,1689
2337,1537
1993,1587
1816,862
1184,584
2160,1935
1875,341
2197,370
2253,1896
2109,2461
3527,1925
1652,3045
3276,2780
2984,538
1866,2611
2416,793
2763,1920
2008,259
2736,531
1201,2234
1756,2564
2775,2208
2282,1729
1279,843
2908,1680
3307,2434
2686,712
2180,1929
2818,1509
2050,2848
1925,723
4158,729
1347,2533
1413,958
2873,1611
2125,2831
2982,1713
3543,1273
2229,1678
3529,1918
1581,330
2537,695
2249,2031
2133,1804
1896,271
1578,733
2478,1571
2247,2014
3181,1704
3326,1907
2911,555
1333,1042
2848,1443
2909,1689
1668,2571
2115,1802
1205,1056
2725,552
2377,1538
2570,426
1777,604
2198,1971
3544,1056
3824,2449
2780,214
2233,607
2827,652
2175,1933
2614,1717
2465,1315
2249,1898
2123,2436
2610,1885
943,532
1868,588
1575,768
1892,12
1214,1054
2180,1832
889,2335
1199,929
1816,17
1449,1192
2160,1729
2842,430
2332,1789
2130,1773
2442,1659
3473,536
2752,563
2258,2040
2369,1470
2292,501
2791,2032
1199,632
1886,423
1080,526
1045,838
3497,2009
2153,2770
2490,312
1521,315
1437,855
2604,3430
1816,741
3533,1048
1514,430
2721,1648
1171,838
2766,2203
2594,372
2243,609
2838,1685
3505,1128
1030,765
1997,499
2281,1706
1776,2563
2213,2185
2358,1957
4296,844
3856,621
2789,1705
953,528
1301,834
2000,615
1316,589
2200,564
2980,1713
2136,2748
1803,95
2250,2004
2273,1618
1769,784
3250,545
1260,2093
1905,2363
1959,2744
2716,833
2389,2226
2696,1668
1758,1185
3187,1703
2933,1525
2147,1834
1200,1051
2537,1309
2254,2000
3023,386
2009,602
1856,1575
2350,113
3774,904
4023,702
2006,1747
2008,371
2060,1655
3155,1899
1349,602
3808,3264
1197,1065
2753,340
1659,3164
1656,2618
2753,2244
2219,1832
1394,879
1401,601
3797,3266
3910,690
1128,578
2487,3574
2445,2000
1874,2617
3783,609
4310,838
1735,10
2728,860
3736,3130
2126,2695
3788,3270
1167,996
2113,269
2357,691
1818,309
2126,2878
3073,551
3550,2433
1196,891
1885,408
3679,555
883,2523
2006,444
2161,1865
1302,904
2223,1691
1656,3134
2877,410
1875,2612
1317,2525
4389,2943
2090,2687
3716,673
2089,358
2421,603
2175,1586
2047,2512
1831,750
1313,894
2278,263
2419,765
2350,1917
2538,315
2785,2040
2820,2341
1345,835
2418,2436
2261,1379
2117,1704
3606,908
3474,1880
1654,3114
2281,1717
2095,1688
2160,1888
1159,409
2992,1695
1202,1050
3682,914
2737,2238
1582,747
1026,494
1881,2778
946,1854
3497,2013
2003,448
2536,303
1536,235
4100,705
2195,2444
2559,323
2541,1691
2992,1694
3497,2152
2143,279
2615,389
4877,1490
2613,1678
1199,1029
1886,304
2447,1314
2314,2479
2119,2845
2272,1695
3797,2382
1725,307
2543,1681
2125,2822
1219,962
2005,215
2362,1549
2246,2118
1513,781
1190,413
2522,574
1842,1639
2768,2129
2808,1507
2252,1694
2192,2039
1413,1042
1169,842
1200,1053
1580,329
2648,2091
1351,739
2118,2625
2579,498
2233,1804
1210,959
1584,284
1846,1686
1896,596
2772,2004
2438,1479
1318,2554
2006,421
2916,1345
2099,2669
5028,1533
3619,542
3546,596
4878,1479
1884,2967
2964,1729
2776,1706
2782,1962
1670,2571
3518,2456
2059,1933
1575,433
3493,2148
2368,616
3158,1715
1902,14
4054,673
2530,1851
2300,102
2153,2519
2420,586
2286,1875
2267,1618
2764,2031
2116,2934
1862,700
2094,2576
1996,512
1474,682
1193,407
2204,103
2507,1917
2022,2541
2246,251
2570,576
1315,875
1834,1550
2745,1628
2014,573
4290,740
3489,2030
3332,432
2271,1610
2218,589
2120,2831
2183,1925
2526,1940
2648,2157
2835,1690
2353,1550
1517,849
2533,305
2531,689
2542,282
2963,1700
2392,1376
1061,482
5200,1521
3893,825
2213,253
3501,2335
2243,2029
1199,1037
2500,530
1517,987
2368,305
2967,545
3797,2382
5197,1244
2404,121
2703,554
1580,323
2948,549
2351,113
3797,3272
3728,2560
2943,1689
2094,1686
2539,1959
2366,2704
854,842
2581,475
2126,3050
3298,2000
3226,545
2676,1680
3796,2415
737,562
2785,1113
1223,364
2778,2238
4473,702
2834,1372
2208,1896
2780,2238
1669,3166
2131,1688
2252,427
3776,3273
2607,1638
3498,2070
4757,1164
1546,739
2445,2291
2072,2080
3524,2258
1200,1019
2249,2152
3497,887
1327,643
2387,1715
2141,257
3882,1865
2247,618
2798,1554
1668,2566
2749,346
2529,1844
2608,1664
2392,1957
1233,1044
3711,656
1724,1021
2358,123
2025,1749
3535,1896
1880,586
2536,312
2116,2733
1478,886
2655,1030
1907,601
3271,2425
1969,306
2938,1915
2194,2385
2203,1765
3857,641
2660,701
2551,1532
2447,1313
1229,1040
2568,581
2918,547
3427,2433
2263,1549
2526,1186
2081,428
1902,760
2369,1676
2403,3503
1544,2561
2554,334
1752,1170
3181,2363
1199,989
2131,2654
1674,989
2072,1664
3285,571
2849,400
2610,1361
3049,1702
2417,1362
2855,1880
1730,1006
2242,2802
2110,2818
3708,776
2903,414
2227,1936
2541,1553
4027,676
2644,551
2134,594
1196,989
1200,1027
1662,1042
2146,1694
2458,1957
1278,599
1878,329
2878,1655
2118,2802
2369,2649
1872,422
1579,59
1619,2570
1188,1055
1635,844
2185,1972
2400,585
2016,170
2765,2046
2773,2063
1942,1584
1237,1081
4304,909
3466,832
1350,261
2238,2403
1806,316
2123,2945
2203,1923
2271,317
2758,1595
1311,2506
2126,2947
1575,433
1013,499
3499,889
1975,591
1543,87
2364,2065
3575,554
2121,2778
1881,2837
2066,2620
1257,999
1489,841
2175,1586
1618,625
1749,311
2120,2687
1325,2523
2754,309
2255,1988
2183,2492
2011,590
2858,2143
2360,1532
2253,2005
1906,15
2414,1641
2176,1953
2180,2481
2535,2239
1394,1058
2230,1914
2986,1699
1197,905
1599,1001
1678,2544
2078,1682
2603,1684
2449,1668
2415,3565
2263,1917
3407,2429
1035,699
2750,331
1684,2504
2127,1717
1757,445
3990,1106
2248,645
2184,2426
2885,557
2103,1801
2044,2773
3188,1700
3023,549
873,2340
1769,1005
3481,2433
2269,1699
1871,321
4314,2816
4041,650
1804,4
1026,478
2745,1630
2648,1918
2414,775
2852,1348
2280,129
1980,1638
2778,218
2774,1966
2567,1797
1730,308
2393,1957
1880,419
1571,601
888,2246
1588,279
1230,1072
2128,2774
1631,1038
2539,582
2516,1954
1567,741
1928,1685
1099,838
2418,751
2711,1243
1211,1055
2232,1603
1207,1068
3256,1899
2968,1602
1200,1050
2417,781
2126,2878
954,529
1580,432
1952,1686
1836,885
2108,1802
2766,2031
1249,1003
2194,1920
2208,2285
2013,166
1306,579
2157,1803
1797,87
2199,371
1957,512
1369,244
2055,3369
2163,1836
2403,1792
2399,1671
2148,1554
3721,574
2899,1689
1876,2741
4879,1507
2567,581
2384,3571
2698,1675
1197,394
2276,262
1715,741
2612,1916
3565,622
2470,1284
1801,112
2279,316
2293,596
2220,1933
2391,1919
2282,2340
2136,1963
3520,1090
2007,575
1229,1036
3254,1897
2453,1803
2575,3650
2164,1808
1521,983
2857,2372
4025,715
2219,2539
1217,1073
2906,419
2248,2008
3243,2080
1959,2744
1876,2618
1548,832
3791,432
2914,2046
2247,2003
906,548
2527,1312
1091,960
1813,4
1930,648
2189,1546
2895,415
2042,2577
3548,1701
2239,1674
2457,2142
2834,1321
3983,1820
740,563
2055,1949
2895,414
1477,897
2715,555
3550,2512
2286,2008
1055,442
2825,1110
2093,2575
2086,1693
2277,279
2445,1903
2835,1686
3487,778
1662,2623
948,529
5022,1516
2752,550
2230,613
1372,241
1196,865
2173,1934
4060,671
1383,839
2136,1721
5030,1529
2823,1698
2245,1915
5172,1503
2653,2062
1323,999
3510,2461
3546,596
2126,2802
2551,3596
1011,501
1709,2571
5158,1207
1338,1038
1324,577
1199,911
1912,601
937,2052
2183,1936
1859,600
2146,1872
2746,343
3245,2395
2086,2734
1236,1002
4459,795
2647,2052
2198,1974
2581,582
1901,522
2289,115
2164,1710
246,1656
2280,250
1855,5
2137,1804
2838,1373
1879,341
2290,2397
2340,119
2533,298
1600,284
3298,2000
2110,2744
1555,2557
3330,445
2698,1554
2364,2715
2005,406
1195,592
2075,2957
2812,711
1730,1010
1445,1125
2271,512
1868,309
3497,2039
2192,1971
2503,371
2850,1957
2939,1626
2489,368
2191,1902
2980,545
1872,2983
2344,165
2153,1689
2346,169
1267,598
2732,542
3764,728
2838,641
3198,2368
1583,747
1358,999
1603,1012
2652,2167
2388,1963
1197,972
2004,160
2754,553
2070,1692
1300,584
2656,1854
2117,2922
2131,2914
1824,7
3247,458
1205,1049
2544,757
2127,543
2535,1914
3517,2205
2665,1759
2648,2230
2530,700
3536,1104
2322,510
2349,165
2130,1719
1319,575
2780,2073
4248,740
2734,540
1550,599
1438,738
3698,2328
1873,1750
2086,1802
2533,306
2286,127
5216,1257
2193,1980
2364,3570
2042,2727
3437,2436
2185,301
2607,1870
2131,2913
2487,1696
1473,312
1667,2575
2079,1686
2198,1977
3271,2786
1190,1049
2690,2081
1579,638
2373,695
2611,1315
1980,1587
2708,1263
2855,2023
1202,1042
2532,2238
2126,2605
2037,307
1521,997
4210,749
2522,1635
1945,1704
1600,702
2118,2713
2223,2029
1302,592
2862,544
3025,549
1424,1043
2612,1664
1199,1029
1172,402
1279,600
2687,1583
3279,469
2556,336
1938,310
2182,1981
2184,1921
1869,2597
2247,525
2143,1874
2855,2370
2684,556
1639,741
4247,740
2633,2248
2525,308
1545,83
2121,272
1592,3115
2791,1705
2568,1711
2522,1181
4033,752
1873,2617
1912,604
1890,349
1580,752
2182,2525
2409,581
2147,1801
2143,1703
2824,1458
2007,291
2022,1713
3202,545
2125,3007
3561,539
2668,1687
2558,341
1876,2844
2670,963
2534,289
2028,2600
2692,1819
2245,623
2500,1707
1863,2980
3572,627
2229,1676
2307,1382
1870,2834
1643,1072
2753,340
2243,1605
1205,1058
2534,312
2955,2192
2336,113
1803,53
4471,784
1649,2683
2007,525
2678,942
1311,864
1714,1047
2363,1719
2697,1397
1432,502
876,669
2253,1896
2789,2040
1177,2235
2663,965
1874,1616
966,522
1197,1019
2175,1584
2148,310
2197,1914
2627,1692
2401,3570
1818,1750
2244,390
864,2442
3504,2011
3514,1283
3315,2443
2608,1794
2110,2747
2004,297
1850,1748
1922,1690
1691,1042
1925,1629
1677,100
1199,539
1876,796
2179,1912
1255,837
3122,2299
1352,1001
2715,842
3671,550
754,643
919,2049
1254,664
2164,1637
842,2235
2568,1959
3242,2410
3954,863
1592,1037
2268,290
2131,2939
2196,374
2554,1569
2200,1597
2399,125
926,549
3542,1894
1371,1039
2148,1973
1675,987
1603,802
1467,1038
3200,538
2125,2694
2919,2093
1873,2624
2760,747
1393,509
2247,580
2941,1531
1196,862
2249,1689
968,1837
1757,2561
3518,541
2485,1920
1196,2246
2258,1649
1317,918
1841,635
1805,101
1279,836
2766,2207
2553,303
2277,260
1074,459
4975,1243
2164,1642
3192,2381
1625,279
1216,1069
2058,3548
1198,1051
2536,300
3059,400
2185,1974
3778,2439
2768,1318
2587,577
1195,602
2075,2580
2409,1960
2017,2582
2180,2483
1272,1002
1443,598
1182,2242
4025,646
1286,329
2137,377
2451,1941
1437,738
1886,2550
1187,402
3298,2000
2201,1524
2582,582
2667,865
4125,880
3834,601
1838,716
2567,1959
2147,1801
2691,1459
1717,601
1440,1042
1401,483
1967,1688
1584,1045
2446,1745
2065,2620
2070,1296
1014,688
2230,613
2525,1691
2413,580
2465,1313
3751,3244
1264,843
1575,629
2567,581
1475,617
2602,1929
3010,541
2390,132
2273,1659
2009,1689
2577,385
2250,2008
3604,919
3828,608
2538,2434
1874,2986
2061,2481
2104,2761
1317,1042
2225,1600
1280,1039
2933,1920
2351,117
2450,1765
1070,704
3270,531
2230,1804
1475,659
3530,1920
2656,2105
1522,733
2696,879
2534,569
2059,1933
2179,1937
2364,590
2154,1981
1321,565
1489,603
2558,1792
2265,2203
2183,1848
5028,1521
2875,2090
1197,958
2835,1695
2056,2841
2931,546
1951,785
2713,869
3200,2373
3598,894
2270,1617
2756,1596
2238,1917
2773,2214
3987,1093
2848,2071
2238,489
2249,633
1911,2971
2120,1852
2497,1213
2202,104
3965,631
2754,1686
2379,1388
2145,2472
2998,546
1600,598
3921,601
2707,1270
1146,413
3274,494
2379,1918
4926,1501
1199,982
2139,2704
3037,776
1568,654
2292,445
1201,1026
2162,1839
2021,585
3991,1094
1889,12
2056,1752
2607,1870
2247,616
2278,248
1684,17
4029,836
1511,998
1880,617
1871,594
3593,907
2412,3581
3543,1062
3531,2342
5066,1669
2610,1542
1461,860
1195,850
3341,1813
4310,893
1648,2856
1983,1630
3518,2256
3807,606
4266,745
2625,556
2549,3479
2671,946
2646,2195
1202,1042
2301,509
1190,1072
3511,2466
2858,1830
2008,301
1094,1003
2852,1348
2457,1321
2609,1807
899,548
2769,1970
3357,539
2367,462
2213,1596
1257,917
2359,1547
1519,918
1195,551
1968,1980
3237,1902
1456,408
2555,310
1513,998
1833,436
1409,1042
1305,998
883,666
1199,658
1214,1064
1966,405
2904,1680
1877,1759
4136,716
2774,1969
2195,1976
1216,1000
2140,1668
1764,710
2499,1919
2850,1344
2610,1373
2487,1937
2982,537
2615,1732
1868,2776
2153,1977
1423,602
1390,273
3679,716
1089,596
2042,2720
1207,1049
3707,569
1202,878
3780,2439
2079,1687
3077,541
2060,1655
2551,3596
2983,1949
2416,759
2148,1901
2279,287
3438,2434
2768,1936
2725,2243
2251,1697
2639,1519
3180,2355
2844,1328
2251,2005
1197,1047
3889,2959
1691,601
2740,1694
2690,945
1667,562
2559,1916
2544,685
2139,2040
2692,1876
1190,1072
2159,1870
1867,1692
1304,1042
2486,1937
1384,601
2246,507
3541,746
2133,2893
2854,1076
1925,2266
1654,2495
5157,1351
1836,432
1580,423
2466,2620
3376,2440
1324,1001
1369,1039
2164,1607
1746,1074
2088,2212
2784,1110
2129,1941
2569,448
2663,3659
667,603
3033,775
2265,1917
2180,2767
1358,2538
2700,1673
2119,2854
2728,2237
2612,1876
2617,1791
1883,815
3154,1899
2126,1690
2018,600
2181,1861
2688,1678
2859,556
1821,93
2392,2416
1746,444
1026,494
2250,2004
1199,731
3013,1699
2163,1620
2555,3489
1073,747
1911,603
2697,912
2116,1801
2008,282
2770,1318
1886,825
2144,1953
2084,1671
2364,2736
3434,2429
2241,1802
934,546
1180,1003
2127,2606
1300,2534
2537,304
1684,2504
1883,888
2292,451
2366,116
2286,124
1861,1690
4309,951
2249,380
2283,1789
1315,738
2626,1692
2247,605
2100,1804
1519,311
2220,1933
2163,2504
1876,2602
3142,1901
2103,2571
986,1031
1881,2856
2012,271
1280,343
2343,490
2148,1827
2658,1821
1884,2959
1194,936
2240,1558
2116,2922
2367,2029
2156,1693
2917,1689
2010,499
2765,2049
2479,2238
3413,2446
2134,1801
2696,1701
1855,88
2373,580
2621,1310
991,517
1278,1041
2857,2372
2220,1933
2747,1701
3814,2000
2834,1429
2280,2158
1182,995
2532,1600
1412,485
3167,1896
2465,589
2874,545
2271,1676
2401,120
1877,1721
2105,2570
2126,2895
2834,1151
1205,1040
2445,1314
1880,431
2153,1814
1323,290
2286,699
2154,1963
2185,1552
2551,568
2141,1693
2479,2138
2195,1919
2406,1635
1476,650
2900,2085
2054,2626
2194,1920
2649,1956
2869,1077
1869,742
2007,296
3408,2429
2263,1690
2896,1708
773,2200
2161,1614
2922,1339
5189,1498
2369,2650
2716,823
1865,2979
2518,1492
1513,996
931,548
2965,1923
2403,1956
2702,864
1376,519
2339,114
2148,1901
2452,1794
1076,842
1885,2858
2267,1689
2174,1587
2987,1712
2007,464
2606,1702
3027,1716
2198,1690
2378,1646
3791,2369
2723,2238
3673,785
2531,1698
3553,1619
2844,2351
2363,1910
2179,1858
2812,1464
2781,2557
2531,701
2274,592
2470,529
2612,1743
1574,668
2767,1980
2898,1679
2281,1725
2758,345
2373,1740
3332,449
2791,1706
3036,550
4312,896
1628,2461
2174,1916
2269,1613
2064,2519
1200,1034
1888,682
2764,2009
1627,741
1031,475
2394,2223
1862,2852
2227,2079
3606,913
1452,597
3187,1690
2248,634
3477,984
3761,592
2066,1691
2043,266
4298,901
1200,602
2385,3571
2885,1078
2497,1918
2164,1616
905,869
5011,1087
1574,315
2746,345
1051,488
2535,1314
3564,540
2219,2556
2336,716
1185,403
1500,1043
2145,1908
1361,1045
3497,2065
2256,1656
3230,1903
2123,2870
1395,844
2279,246
836,2028
1200,662
2032,2858
4094,862
1778,966
2615,1450
2913,553
2127,1957
2136,1958
1725,315
2518,3362
2438,1916
1884,2371
1197,964
1826,602
1153,412
2253,2141
2446,1789
2247,511
2559,3567
1575,751
2174,1920
2199,1614
1662,2621
2609,1125
2773,2207
2213,1597
2609,1684
1562,315
2072,584
1461,860
2574,437
2851,1344
1038,497
2579,502
2850,1353
2654,1818
2625,320
1000,1894
2530,1851
1433,844
1975,1590
2377,597
2239,2803
2882,549
2747,1703
2834,1432
2000,538
1820,279
3983,713
1989,2466
2164,1710
3432,2435
2344,550
1883,890
1009,2358
2847,2411
1197,984
4949,1592
2157,1604
2184,1922
2163,1829
2375,601
2431,1789
1201,1049
1895,358
1298,597
1112,431
2445,2157
2025,1725
1601,267
1389,1053
3275,473
1602,2730
2026,2582
2472,1411
2657,332
2672,1916
3503,2406
2715,887
3509,2447
2896,1708
2158,1604
3414,2444
1320,2538
3527,627
2168,1581
2767,2066
2624,1488
1854,1814
1380,1041
3686,559
2293,524
2253,1895
2831,100
2229,308
2821,1703
1474,964
2369,2037
3748,3169
3123,2331
1074,566
1251,882
2555,3495
2054,153
2947,1632
3790,2409
1551,2622
1197,777
2625,430
818,846
1319,564
2886,2078
2543,2364
1714,1089
2884,554
1034,703
2572,467
2768,2021
2123,1835
2419,599
2181,1802
2155,1976
1877,796
1944,1750
2202,104
1677,273
2162,1893
3465,2603
1759,1114
3496,893
1323,1058
2532,308
1992,2454
2184,2426
3537,1889
2445,1424
2356,1786
2578,381
2199,2417
2290,445
1187,923
3520,2456
2663,939
2842,1064
1802,75
2872,2078
1544,82
2090,314
3609,893
1061,843
4876,1544
1485,127
1975,2458
3645,2424
883,2044
2611,1907
1205,1061
2659,1960
1331,583
1331,278
1247,1040
2152,1981
2149,509
1192,1062
2659,2245
2683,912
2198,1983
2182,1982
1562,602
1980,1633
2636,555
2745,748
1638,600
1575,686
1545,841
2176,1579
2765,1920
2608,1430
3258,2550
2421,767
2625,1919
1797,310
1550,2569
1528,308
3073,1696
2007,590
2664,1688
2539,581
4519,1509
2523,588
2245,1915
1477,849
3495,2032
994,510
2363,1776
2527,306
3740,3132
1519,802
2436,1562
2774,1993
2771,1697
2119,2584
2301,328
2392,1920
2799,1956
1210,1002
2552,1340
2358,118
2039,2717
2439,2043
2181,1801
2860,539
1190,2247
2710,857
1198,1013
2925,2089
2648,2111
1230,352
3432,1865
2347,118
1593,3113
2215,562
1877,1634
1215,1069
2138,2591
1648,310
5148,1459
2457,3567
2636,1927
1885,2858
2737,1694
2074,40
1438,382
3187,451
1881,1701
1193,1017
2229,617
2247,2026
911,866
1223,1068
1198,393
2807,678
5018,1105
3783,2460
2160,1760
3532,1060
1392,1057
1957,1706
1203,1049
2958,1925
3803,3253
3101,553
2220,1933
2868,1080
1130,559
1278,598
2181,1918
3631,1598
2526,570
2130,2520
1874,2726
2045,2503
3517,2459
2526,702
2955,769
1894,2962
2609,1509
2854,2046
3487,778
3151,1708
2248,1803
2523,2684
1007,503
2858,2154
1013,701
2412,1794
1199,1036
2879,545
2900,530
2400,502
1260,2093
2161,1670
2127,1941
1906,719
5206,1513
2075,2957
1341,1128
1801,777
2609,1446
2728,554
2825,1706
2368,305
2424,113
2968,1602
1875,761
1215,1069
2003,1746
2773,2310
2627,1044
1209,1057
2439,3581
2367,1920
1684,2577
3279,474
2784,1111
2465,1409
2778,2123
2245,1554
2199,2318
2707,1318
1897,668
2475,1960
1694,2565
2543,1681
1311,738
1668,2364
2006,1688
3020,546
2128,2611
2574,494
1185,1054
1461,1042
3759,584
1616,1041
2958,1706
1196,716
3265,743
2273,1381
2190,1915
1352,899
1574,459
3813,3255
1574,812
3893,606
1528,838
2488,1248
878,2176
4548,854
3663,1903
2824,1706
1375,738
2671,696
1802,60
1709,3177
5194,1521
2579,512
3314,2442
1811,8
1178,801
2587,428
1863,2839
2724,818
1213,1064
3784,2458
2672,1685
2477,2671
2152,1976
3179,2359
3279,529
2322,108
2440,2052
1358,1042
3554,540
2596,1698
1674,243
2249,2011
2013,1752
1850,430
1798,1742
2126,2621
2176,1912
1789,1053
1981,1691
1362,999
4410,741
2003,450
1293,1042
2227,1570
1183,404
2563,581
1223,1071
2841,429
3303,424
1196,871
1083,736
3692,568
3682,659
3227,2408
2593,302
1192,1055
2142,1689
2300,102
2623,1487
1040,488
4874,1409
1561,602
1757,507
2328,1546
2976,382
3532,2316
2211,111
1496,315
2862,1070
1574,675
3321,1767
2444,2036
2789,2041
3276,2777
2125,2707
1372,873
4414,745
855,556
2776,2066
4038,849
2293,435
3180,2363
1489,114
2243,1903
2177,1579
1327,571
4043,849
2220,1923
3554,1608
1052,511
879,2044
2161,1625
2252,641
2011,590
1873,2983
2400,2421
1481,122
3522,1518
3515,1878
1605,1043
1882,2551
2062,1949
1222,1051
3322,2132
2247,2001
1820,740
1249,2097
970,2060
2206,1802
1311,2617
2892,1682
2993,552
2358,115
2926,1340
1773,2852
2063,1693
3520,901
2074,1689
2702,1702
2652,2176
2935,540
1443,600
3263,2567
2119,2634
1397,883
3524,2408
1045,495
3632,843
2062,303
2762,2338
1312,2535
2090,1695
873,2342
1948,21
3826,600
2810,697
885,2523
2725,1311
3169,1715
2569,456
2076,1802
1658,2840
2811,694
2138,1750
4165,725
2143,1766
2608,3431
2287,1794
2124,1696
1680,22
1397,495
1406,836
1855,89
2074,1693
1879,506
2385,3576
4426,747
2049,2610
1732,1745
1515,104
2694,1916
2695,1538
1199,899
3681,802
2160,1862
2093,2845
3154,548
1451,603
3643,2433
2418,791
1620,598
1607,276
2211,1703
2464,1409
1199,715
1445,1125
2040,1752
2883,2173
2703,929
1987,2480
1442,600
3977,722
1200,982
3126,2301
1021,463
1479,1041
2239,2018
1191,1064
2030,377
1202,980
1882,2551
3701,1930
1896,583
2473,2292
2420,769
1282,1039
2813,541
4321,749
2302,303
1477,609
2558,304
1072,1041
2902,1688
1519,842
1246,838
2531,689
1196,542
2912,2771
4961,1066
1967,1688
1869,2597
1198,984
2249,1996
2255,1929
3766,3284
2008,522
2702,859
3524,1521
1425,441
3270,378
2247,2038
2316,511
1812,156
1476,118
2155,1986
2622,1792
2151,2583
1648,2852
1574,488
1040,499
2391,454
2536,714
2073,313
2417,775
3029,776
2901,419
2608,1405
2856,1834
2398,1919
2164,1876
1527,1005
2187,1856
2468,2257
1692,3199
4023,699
2154,1982
2225,2637
2615,1317
2717,1692
1220,1071
1204,993
878,2222
2579,522
2580,498
2356,2767
1587,307
1879,1606
1458,1038
1200,1019
1411,273
1784,434
2614,1646
1985,2466
2013,572
3241,1904
2046,185
2578,384
1867,2980
2231,2207
4880,1526
1206,1056
2161,1718
2877,552
1876,802
1036,678
1827,1787
3794,2395
3039,771
3491,2450
1775,599
2865,2063
3518,2463
2817,363
2455,1390
3006,1716
2361,2772
2137,1911
1199,641
2000,547
1240,838
2764,2027
1305,1000
2381,469
1042,490
2093,309
1952,1749
1890,821
2737,544
4286,747
2643,1794
4155,724
3478,546
2162,1979
1876,1765
1279,342
1356,561
2638,649
3586,914
2931,2155
2146,1875
2185,2431
3481,2443
2867,1082
2838,1368
2124,2768
3683,566
5198,1508
1931,648
5143,1195
2000,540
1974,2198
1320,575
1209,1058
1093,838
2535,304
4099,690
1199,958
1803,246
3800,2379
1820,279
1868,600
1628,2461
2824,1706
4439,998
2613,1406
1186,2185
1810,87
2448,1334
1141,2181
2069,1662
2452,1484
2848,678
2698,560
2282,685
2175,1584
2219,1890
3523,2347
3682,671
2260,1896
2703,1665
2071,1798
1236,1002
3785,2423
1558,1039
2755,2249
956,525
3422,2431
2001,2777
1713,1098
3263,2639
2401,3581
2464,1960
999,508
2419,1938
2255,1897
3457,753
2604,1521
2847,1378
1877,796
890,2335
2046,2592
1256,2110
3899,847
3322,2132
2256,517
2446,2542
3551,1699
1467,124
1468,1038
3826,600
3265,457
2385,3570
2183,1921
4306,740
2282,138
1215,1064
2743,1186
3552,1711
3816,2437
1338,273
2371,113
3701,566
2705,1696
2746,555
3281,468
2650,2174
3313,461
2188,1903
2076,1693
2968,750
4083,681
2444,1672
1187,1061
2098,2565
2004,290
1423,2303
2696,1699
1201,964
2656,1039
2289,1661
881,2443
3858,638
4394,1412
1359,1002
2154,1693
1319,2538
4216,747
2024,308
2988,1519
5198,1513
3647,2427
2450,1792
2470,529
2452,1431
1589,318
1796,455
3775,2444
1605,157
1314,741
1419,469
2595,387
2832,1340
1879,2836
3246,546
2643,943
2367,1920
2450,1407
2249,312
1200,1039
2469,591
1891,1704
3564,1747
2704,1701
2774,2031
2040,2720
2656,1842
1996,331
3086,1689
3357,1917
1949,1699
2154,1693
3001,1699
1980,504
2166,1550
2039,2596
3329,441
5051,1671
5152,1203
2561,3563
2346,167
1195,852
2456,1795
2695,1537
1532,1017
3104,548
2274,1715
1326,1000
1259,642
2971,1706
1580,304
1016,498
1183,1054
2796,999
3588,915
2082,1694
947,529
2511,1956
1786,1685
1479,2760
2278,245
1574,771
2008,522
2004,289
2536,302
2966,2192
2904,1680
2397,3561
2227,2079
2282,1737
2865,2078
2269,1706
3265,2531
2383,1382
2860,1352
884,2386
2146,1694
2452,1341
2615,1461
2011,573
3481,1887
3267,2638
2839,627
2409,2416
2249,2025
1747,445
2195,2482
2004,1747
1089,739
1417,1042
2482,1351
1322,584
2954,1786
1826,438
1641,736
2453,1330
1860,2984
1662,1549
2610,1416
1983,1688
1198,949
1635,741
2643,1513
2413,1680
2116,1837
2236,1700
2779,1099
2613,1587
2390,1687
1880,586
1260,672
5235,1436
970,839
2104,1803
2847,539
4487,779
2159,2486
2446,1450
1283,344
2389,118
1021,498
3409,2428
1269,1042
2872,1959
2457,1314
2903,1689
939,2045
3769,2443
1211,1065
2115,1834
2768,2042
2319,251
4314,1209
2284,122
1554,1042
2574,1697
1844,2547
1887,2959
2207,1696
2370,1564
2126,2873
1803,64
2251,1654
2614,1311
2133,2766
2482,1211
2844,530
5165,1353
2193,1832
2337,164
1187,407
2527,606
2859,2418
1313,892
932,833
3736,588
2545,335
2473,2292
2756,735
3162,546
2429,1655
2820,702
1200,1039
1876,2844
2564,589
2463,1316
2747,753
1870,310
2185,1975
2527,693
881,2320
1201,1053
3553,1269
1448,491
2118,2774
3101,553
2137,2470
2564,583
3280,462
2139,1728
1351,999
2279,249
3194,1711
2192,1917
1205,997
3241,834
2316,511
2895,2086
2037,2253
2916,1337
2567,581
2347,1796
2289,461
3937,607
1204,1061
1403,818
1816,665
3501,1884
2159,1738
1574,723
2243,1607
1200,1016
3263,2569
1891,12
996,513
2189,2361
2448,1827
1513,1001
3277,1334
2248,637
2200,1895
2974,437
2022,2541
2202,104
2192,1856
2319,2098
2007,562
3527,2309
3634,537
1823,12
1439,397
2618,1519
2617,2468
1608,154
2248,1915
1199,645
2063,2623
2361,1549
1289,999
2769,2013
2449,1983
1878,2775
2652,1874
3258,1664
2045,2502
2774,1998
1711,1095
1610,1015
3485,2437
1774,2852
2364,1825
1325,576
1167,999
2040,2715
2128,1717
2243,1960
3269,538
2120,2666
1327,2339
1573,627
4886,1489
3508,2450
2366,1959
568,2336
1767,707
1004,488
2083,1695
1574,707
1204,1061
1979,1648
2800,1122
1956,1694
1818,7
2253,1991
2929,546
3079,533
2091,2775
2084,2761
2128,2612
1486,1003
2123,1789
2350,477
2718,1653
2964,2056
2030,2859
2417,776
1200,1019
4306,743
2207,1756
3505,1477
1661,2513
2363,1909
2906,415
2141,2893
1876,2626
2129,3051
3457,748
1812,84
2230,1603
2753,2237
2003,438
1198,1066
2918,2061
2796,1027
1836,931
2006,315
2045,2716
2293,500
1141,920
2950,1914
1428,1042
2277,265
2183,1923
3126,426
2784,1100
1803,853
2176,1922
2823,2045
2692,1812
3034,547
2127,2626
2773,2213
2936,1700
3779,600
1527,839
1887,339
2654,1797
3380,2433
3503,2413
2433,1729
3049,1703
1199,872
1441,381
2838,1372
4024,734
2131,2921
3872,1878
2652,1867
3475,542
1250,676
1034,478
2163,1677
1250,736
2774,1971
1643,1072
1870,326
1626,106
2504,599
2225,599
4023,796
2289,1362
2647,2022
875,2429
2192,1928
2109,2583
1574,813
2291,257
3258,546
2470,1284
4022,855
2398,1919
2268,1546
2858,2154
1138,558
2347,2318
2089,2568
4042,850
1194,933
2370,716
2145,523
2198,1944
2651,2073
1214,1058
1208,564
1756,2560
1578,767
2973,751
2460,608
2120,1690
1887,122
2198,2194
2481,2244
1881,2843
1829,120
1876,659
2101,1682
1881,1660
1574,811
2196,1934
2819,1696
1202,391
1643,148
1876,2859
1349,964
2248,1987
1804,1047
3417,2144
2358,691
1339,838
1213,1064
4121,882
1678,279
1074,839
2840,1702
1883,888
3017,1695
3972,2622
2160,1784
2578,530
1578,644
2661,2244
2624,1487
3285,1703
1302,592
3023,773
4006,677
2121,2928
2251,2000
2249,2029
3533,1048
2251,248
1861,417
3805,3266
2198,1934
1020,702
2175,1585
1982,1691
2449,1672
2220,1933
1033,486
2364,2754
2817,1500
2852,1987
2770,2247
1281,602
2563,346
2008,215
2913,2027
2164,1784
1655,3145
2445,2008
3737,3125
2509,1919
923,551
2633,1589
1664,600
1319,564
1352,906
3681,2430
3559,1278
2198,1698
1197,983
4023,756
875,2355
1255,966
1672,2504
1818,1750
2202,1579
2122,1789
2620,2245
3812,3252
2759,1704
1645,150
3503,1974
1929,2266
2834,1311
2612,1665
2821,2237
1888,728
2969,545
3658,534
2277,1619
2654,1713
2069,1688
2363,2409
1015,700
2384,1917
2296,2759
965,1039
2697,945
1200,892
2160,1926
3800,2499
2544,691
3880,1867
2583,3560
2416,793
3541,2313
1880,1598
2753,551
1886,846
2160,1782
3983,611
3497,2082
1936,1590
2164,1895
1191,1020
2874,1683
2008,300
3015,2211
5159,980
2743,1186
2045,2716
5124,1681
2115,2676
2928,2150
2600,3445
2871,546
2758,334
3016,807
2935,1518
2088,1693
873,2241
2116,1841
2252,1696
2230,614
2095,1688
1298,1040
1346,840
1205,1076
2035,2716
2337,1562
3876,459
2130,1773
1199,1053
2417,776
1320,2538
2003,412
2449,1662
2399,590
1317,2399
3747,3285
2646,2195
2652,2222
1200,2247
2439,2499
2271,1623
3393,1330
1033,1084
5178,1512
1448,473
2779,2066
2385,590
1302,1039
1746,762
2391,119
1084,525
4208,748
2118,2626
2161,1765
3331,445
2053,312
1196,897
2500,369
2352,1795
3103,479
1959,2744
2432,1917
1605,104
1087,743
1469,2318
1481,120
2431,1339
1018,700
3539,1074
1289,922
4304,907
3186,1698
2479,1261
1875,843
2603,1398
1165,1063
3307,2434
1587,734
3264,2433
1570,820
1413,959
2282,124
3276,2784
1934,1748
2905,553
2245,511
2282,1795
2173,1902
2142,1888
1214,1080
2748,749
2417,776
757,643
1757,518
1360,250
1202,1057
2657,332
5036,1522
1882,1707
1214,1118
2461,1285
4296,1102
2251,530
5087,1156
2355,1531
3502,1049
2767,2045
2443,3576
1308,308
1881,344
1615,798
1312,607
2965,1925
2247,2027
2370,1798
1344,560
2303,1926
1200,1039
1445,639
3641,625
3612,3319
1320,892
2777,1706
1601,285
1820,936
2698,686
2892,1681
2125,2751
3896,2744
3497,2151
1890,2534
1855,87
1184,1054
1875,602
2617,1528
4125,714
2764,2238
2417,1660
2607,429
1516,768
2008,366
2161,1782
1352,888
2245,2053
2694,1696
2632,1038
1950,635
2383,1382
3718,3032
3766,2431
1205,1013
3023,2209
2126,2963
2624,1598
2234,1560
2068,1659
1584,284
3687,784
1823,92
1691,598
1576,315
2147,1898
2177,1593
2172,1919
2039,2599
1192,394
2059,1648
1873,2784
2772,2066
2253,2536
1803,312
2745,2242
2936,1519
3558,1270
2327,1602
2361,1547
1599,801
1590,282
3578,1897
2285,126
2069,1692
1876,802
5204,1524
3407,2440
2688,1811
3367,2438
1576,714
2856,2157
1277,340
2551,3596
1047,488
2195,1696
2720,552
1888,350
2714,1240
1668,2521
2038,2561
2855,2038
2440,3576
1359,1039
2245,1915
1512,838
1256,816
979,523
1900,311
1399,1038
2248,651
2534,1692
2620,2244
2483,1957
1468,1038
2134,376
2003,452
2252,415
3620,897
2370,686
3709,1928
1414,282
2724,1960
2253,2024
2983,543
2198,1971
2247,1572
2322,111
2203,1831
3603,897
2401,3557
1729,1008
3692,2959
1553,602
1322,584
1967,1633
2585,1957
2048,2620
1886,306
1872,329
2806,711
1873,1750
2912,2147
1224,854
1913,753
2007,565
2242,2807
2947,1977
5192,1509
1984,2847
2750,563
1654,1037
1878,2853
1930,1693
2920,1695
2579,443
2302,2202
2582,643
2366,118
2151,2530
2364,1657
1189,837
2137,2440
1443,609
2913,2133
2413,795
2561,577
4881,1491
2313,607
1380,229
1197,974
3504,2088
1924,1707
3788,2492
2159,1769
1381,273
1410,831
1948,431
2146,1802
1850,1689
3024,549
1323,577
2814,1510
1590,2300
2956,2187
3461,991
2823,1359
2236,1802
3145,552
2689,1562
2289,457
2935,1505
1190,1072
2247,2008
878,557
2562,3569
2288,2585
5043,1671
3507,1867
1201,845
3897,601
2834,1151
1312,874
1470,1038
1196,906
2577,3631
2643,2017
2134,1957
2124,1781
2175,1586
1317,1042
2648,1001
1236,1060
1195,984
2438,1774
2191,1670
1198,1044
2621,941
3199,2367
2579,466
2773,2318
3174,1354
940,837
1142,742
1887,473
2259,1477
2400,1651
1630,2436
2377,3570
1437,876
2906,1681
1391,1057
2450,1583
2442,1679
3985,1096
1980,1638
2417,776
3714,3024
1278,600
1589,318
2457,3567
2851,1084
3857,641
4310,790
1315,859
2231,1914
2060,1652
2001,1691
2782,2078
2021,171
1875,1700
1259,672
2289,434
3328,1776
2920,413
2563,583
3800,2499
2128,2611
1761,1035
1275,338
2350,115
3271,2639
2579,565
2126,2876
2286,1745
1579,763
3527,1183
2177,1914
1113,1047
2066,1658
1885,672
3117,2335
2282,137
4888,1488
4048,663
1384,745
2126,2613
2253,2000
2119,1839
1877,1697
2553,1157
1029,758
2654,1956
2342,1785
2123,1715
2431,1339
2361,116
1581,422
2205,1956
3505,2432
1192,394
2340,120
1729,1008
2103,1693
1880,902
1127,584
1511,864
1300,592
2947,1977
2605,1420
2795,363
3735,578
2747,1695
2904,1380
1274,598
1173,1043
2747,2078
4287,750
2037,2509
1902,26
2110,1698
3428,2435
2532,1519
1786,1579
1943,777
2521,1959
1662,1038
2157,512
2163,1775
2266,246
2453,1604
2573,1502
3790,601
1615,44
2136,1958
2252,325
2249,2040
4161,732
2848,2333
2612,1668
2598,699
2573,379
1195,413
2336,2493
1197,1065
2130,1773
2702,946
1218,2220
2572,553
2668,1676
2746,345
1309,2490
1775,312
1580,778
2367,1888
1360,2537
1578,619
2193,1978
996,1072
3045,391
2407,582
2863,1066
2863,1066
2563,572
1008,2062
1032,702
1724,601
1303,1039
2939,1737
1712,595
2550,690
2240,1712
2320,512
1881,2944
1347,570
2466,1545
1339,2528
2655,2077
2427,1656
993,510
2234,609
1855,736
2307,1382
2801,1552
2056,1692
2651,1011
2165,251
1306,2506
2712,1397
1947,2615
2381,1718
1195,550
2248,2020
1881,399
3540,2266
3534,2335
1301,834
2120,1917
2809,693
3748,3122
3584,541
2278,591
1200,595
1666,110
2094,314
1475,817
1972,1630
2192,1539
2666,973
2839,1372
3270,531
2368,116
3534,1048
1175,1027
4096,678
4305,1007
2491,1248
2160,1664
2271,1609
2278,1686
2447,1421
2180,1923
2574,383
1213,1064
1326,2337
2510,1482
1517,986
1038,493
2123,1765
2447,1314
2034,2724
3332,453
2132,2522
2913,1687
2808,1119
2755,2167
2751,475
3180,1629
2596,355
2252,455
2429,2346
2186,1689
2758,345
2184,1923
2056,271
2838,1378
2811,710
2184,1922
1199,998
3432,2436
3911,600
1966,307
2546,300
1036,487
3507,2452
1876,1754
2118,2644
2716,532
2251,466
2691,1403
1194,405
2238,1556
2136,1963
1492,310
1752,712
2228,248
1708,1744
1576,798
2007,654
1898,680
2516,1958
1282,334
1967,2476
1258,650
2405,1651
2522,1697
1398,858
3760,3280
2164,1816
2765,2236
2558,1792
2114,2863
724,555
2154,1693
2239,661
2932,1713
3381,388
3617,856
2274,2257
928,549
4030,762
5093,1156
2452,1434
988,1028
2692,1855
2438,1671
2064,1946
1396,881
2833,1361
1608,813
1233,1075
1419,601
2111,2720
3298,2000
1603,148
2537,1878
2030,2595
2164,1679
1588,1038
2110,1802
2004,213
5185,1504
2712,832
2773,1706
2494,1244
2094,2573
2045,2737
2186,2463
2121,3119
1310,307
2131,1685
2137,2448
1342,576
2311,1796
2292,2191
2465,592
3645,2429
1018,700
3331,437
3289,462
2248,2005
3713,1929
3260,2570
2248,2040
1574,766
2584,1958
2847,1687
1674,983
2410,3586
2564,598
1847,427
2712,1247
2277,245
2189,2525
990,512
2859,2112
2664,939
2778,1690
2098,2743
2697,1328
2220,1933
2243,1589
2372,116
3676,801
3156,540
2163,1890
2909,1962
1977,1587
2463,1982
2840,1374
2131,2919
2784,1106
1774,594
3822,3239
1907,1684
2854,1064
1998,1688
2564,1692
2030,2563
1118,579
2045,2499
2166,1924
2251,2005
1109,962
2283,249
1482,121
2277,1618
1202,984
1189,1075
2051,2724
3676,800
2173,1584
1661,2623
2035,268
1396,597
1188,1053
950,2300
2689,1662
1848,1686
2253,1933
2790,2036
1033,852
1673,2571
2305,1379
1520,771
2195,1824
5157,1351
2148,2592
5124,1681
2083,2751
2515,1314
3083,472
1198,1013
3318,2442
3194,2371
2477,2698
2705,1914
1203,888
2767,2524
2873,412
3747,3118
2133,1804
1558,833
3150,1709
1425,741
2029,2557
2903,545
2061,2615
2868,400
2170,2983
2903,413
1350,261
2812,541
2379,2702
2288,1909
2367,685
2415,311
3856,645
1459,1038
1305,2544
977,844
988,520
1199,896
2854,1345
2057,1952
1244,838
1266,1040
2655,999
3510,811
2802,1699
2343,164
2014,279
1879,1593
2970,1990
2062,1945
1196,965
2115,1837
1237,962
1887,670
2248,2015
2127,2613
2164,1646
3412,2444
2306,2935
2689,1693
1197,964
1192,1015
2559,1165
1756,436
1830,514
1844,3005
3396,519
2441,1663
3426,534
1909,432
5214,1232
1198,1064
2151,1693
1035,489
2203,1912
3263,2639
2117,2686
2655,2173
2137,370
4037,848
5160,1347
2075,1693
2013,166
4512,1151
2244,1903
3332,439
435,900
4430,748
3490,2031
3764,2358
1309,2484
1778,966
3469,2078
2367,2494
1922,1632
2950,1667
3247,459
2034,2712
1959,2744
2131,2436
1887,340
2068,1688
2025,1752
2048,3023
1004,488
2036,2620
1439,938
2713,869
1865,432
2813,1464
2917,553
3251,2438
4477,944
2233,1679
2958,542
2543,301
1673,2573
2357,1532
1802,1751
3330,445
1621,2445
2303,2161
3642,2429
1833,315
2289,467
1861,1690
2141,587
2120,2757
1591,283
2546,701
2369,2722
878,2440
2697,921
2590,3622
1436,840
1668,764
2668,3663
3191,1509
2150,1946
1741,1027
1555,1042
2695,1544
3757,2354
2838,1685
736,558
2286,586
3456,522
1257,670
2544,701
2661,1006
1234,820
2121,3038
2405,1691
1490,1042
1883,425
2416,608
5177,1503
2500,1919
2838,1370
1961,3015
2163,1930
1438,1042
2161,1623
2251,2000
1734,1118
1096,537
2703,361
2163,1826
2661,2244
3518,1264
1984,2468
2808,1121
1876,1694
1545,802
1277,338
3684,667
1200,594
1200,1049
2492,1582
1884,668
2850,1986
4017,863
2121,1712
2317,111
2262,1792
2982,383
1508,843
2142,2470
2846,539
1199,926
2531,1182
5136,1180
1800,493
2036,2718
2763,2244
3859,638
2000,590
1212,861
2340,1536
3500,1046
4983,1085
2574,592
2305,110
3856,643
1489,1001
1460,1038
2061,1950
2607,1598
2617,2050
1389,1049
2834,1151
2319,594
977,844
5213,1232
2222,1576
2327,2406
1021,494
3329,441
1417,635
2138,601
1863,1708
4482,1180
2208,1707
1676,993
1433,1032
1040,500
2130,2771
2801,1009
1700,3186
2272,1937
2691,902
2374,2217
2396,2223
3853,645
1202,1029
1234,829
1317,554
2205,369
2342,1567
1573,741
1198,392
1658,2624
2174,1920
2556,1152
1873,1750
2040,2593
2852,364
1552,801
1629,311
2700,541
2681,2249
2139,2584
2694,1921
2524,1962
2959,1913
2917,2046
1395,494
2245,313
1237,344
2711,1248
1030,490
2248,1803
2032,166
4884,1491
2538,682
2533,682
1250,736
1845,1750
3855,621
1321,1039
1871,2777
3720,651
3151,1708
2663,550
2777,1320
1586,429
2755,2399
2225,2637
1867,906
4479,774
2557,298
1860,2983
2165,1931
1851,747
2120,2788
3498,2065
1424,765
1477,770
1542,603
2511,1411
1919,1630
2287,251
1652,3164
2935,1700
2161,1778
2111,2734
1039,500
2755,545
2278,425
2024,1739
2676,2097
3516,2425
2646,2044
2005,215
2354,1766
2199,1833
2850,2007
3510,2453
1628,43
1606,157
2165,1655
2649,2346
2252,2006
1263,947
2181,604
1785,1
2796,120
1407,601
2129,2591
2181,1801
3517,2409
3503,2406
1198,891
2429,2346
2445,1740
881,2336
2904,1680
2254,2000
1350,2533
5060,1659
2919,2123
2155,1976
1604,115
2066,2623
1184,403
2193,2442
1213,1054
2913,1768
1614,1013
1480,543
1580,554
1924,1633
1850,313
2639,1916
2081,1667
2159,2531
5044,1515
2540,292
1580,308
2104,2741
1748,447
1877,1692
2234,1793
4028,849
2252,533
1197,958
2160,1689
3734,577
1688,310
2100,2569
1491,113
1258,647
1881,1665
2084,1692
2229,1692
2958,1707
1884,2767
4315,1063
2253,516
3280,472
1372,522
2686,1577
1201,1054
2277,318
2115,2318
2765,2011
2250,1998
3693,903
2902,1689
1199,632
2686,994
2244,409
2824,2239
2249,1996
1109,962
1200,1034
2848,1443
2287,126
3548,2434
2946,1707
3375,2433
2327,1602
1577,678
1950,591
2721,847
1478,884
4028,672
1679,93
2248,388
1191,932
2710,1269
1347,598
3879,600
2879,557
2768,1916
2273,1614
2284,1879
3259,549
2511,1919
2364,468
2354,2586
3644,2433
1193,584
1298,962
2138,594
3255,539
1876,833
2373,116
1778,966
4248,740
1473,648
2839,563
2106,2735
2692,1819
2867,544
1199,684
2229,1815
2241,2814
2146,1750
1356,837
3350,457
2419,766
3682,566
1901,600
3525,2234
3862,667
2252,428
2683,912
2784,2066
1145,736
1875,1624
1839,2546
3416,2139
2320,112
2592,2149
1827,1787
2402,118
3282,454
1200,1015
2140,2593
2715,1643
2249,2032
3154,532
2928,2149
1861,590
1878,1606
3256,530
1431,279
2141,1761
2591,2136
1379,1043
1226,937
1199,988
2173,1930
4011,854
3946,863
4629,1211
3544,1058
2187,1912
3984,755
2565,569
1989,2461
1929,139
1865,432
1872,913
3180,2303
2035,2355
2700,336
2149,2584
2560,1920
2406,3405
2270,2036
3727,738
2913,2028
2936,1508
2116,2741
1567,327
2003,448
876,2339
1822,1691
1801,88
2121,1835
3476,539
3676,907
2267,1638
2251,457
1877,298
2539,553
1840,2546
1580,751
1192,400
1119,922
2612,1637
1694,1544
2498,1690
2347,124
2241,2010
2223,451
3317,317
3630,626
3331,431
3527,2216
2839,1693
1438,394
1547,832
2956,2192
3319,1755
2273,1614
2007,586
3212,2582
2240,1912
2677,945
3982,1096
3515,748
2793,1027
2573,413
1070,913
4316,1221
1481,882
1873,310
2734,1151
1875,1700
3199,2360
2512,3177
1444,873
2830,1465
2209,1924
1509,1041
1730,1089
1511,857
1051,514
2231,3544
1835,548
2851,2036
2309,754
2161,1766
1015,702
1852,2535
3054,1721
1676,314
1281,336
1801,164
5057,1652
2272,1618
3276,759
1240,838
2823,1352
2820,1703
3331,2422
2770,553
1873,2640
2613,1687
2127,2940
1218,1043
2675,2114
2248,636
1462,1038
2241,1695
2132,1804
2855,367
3994,652
2806,2172
2069,1693
2805,708
889,548
2472,3499
1798,86
3856,640
2368,121
4111,716
2821,1915
2494,307
2703,1334
1875,2638
2516,597
4451,746
3531,2237
2731,1637
3564,620
2241,2001
3538,1104
2854,1064
2125,2805
2188,1975
2608,1882
2399,1693
1865,2834
3753,3287
5039,1521
2774,1693
5067,1672
1280,338
2156,517
3974,621
1273,336
3904,2495
2831,1711
1968,1587
2371,458
2199,1934
3441,2427
5067,1134
921,545
2230,1679
2542,578
2201,1694
2123,1745
5160,1347
1095,551
2856,2109
2618,1430
2192,1914
2781,2244
2249,2010
1977,1637
877,2241
1455,141
887,2335
3022,780
1224,2150
2263,2202
2560,579
2228,1673
1533,602
2037,2557
1305,2536
1127,564
2134,2587
3264,2739
2737,2237
1632,1042
2818,2417
2180,1981
2021,2583
2608,1533
2895,1686
2085,270
1197,1065
2855,2369
1448,842
2563,572
2037,1752
2536,301
1898,2966
2262,2098
1192,1051
2720,831
1311,581
1585,285
1294,584
1266,677
2423,3574
2010,150
1759,314
3481,2433
2950,1910
4884,1041
2646,2195
3796,607
2155,1804
2252,2017
5164,1358
1164,2138
2042,2620
2111,2731
3370,2440
3265,2531
3476,545
2721,1311
2541,582
1045,2154
2920,411
4882,1509
1590,2299
1869,2615
4021,650
3261,1888
4987,1092
2052,1689
1648,2852
3529,1890
3195,541
2243,116
2450,2020
1674,983
2168,1694
2771,1703
1198,1014
2952,1924
1337,2539
3124,2298
940,837
3234,3445
1297,592
3497,2450
2288,1362
2148,1941
2023,2584
1890,340
2700,1700
3179,2361
1785,519
2825,1361
2723,1694
1277,339
2990,1692
1572,2744
2445,1794
1660,2617
1222,844
3367,2441
3316,2442
5011,1088
2247,2025
2368,1643
1616,790
1870,3187
3435,312
2032,718
2142,1806
1876,745
973,518
2895,415
2562,2138
2660,2120
2279,1666
2968,750
1379,238
1522,598
3644,2433
1324,577
2765,2233
1863,1708
1943,454
4886,1440
2447,1314
2768,2028
2860,544
2122,1919
1359,999
1390,615
2364,2121
2813,2080
1639,2555
3112,2312
1199,808
1673,2570
2862,548
3268,548
4469,741
1609,2575
3181,2382
2122,1925
1197,988
2774,2063
2516,1408
2177,1602
1119,576
3332,437
1182,968
3000,553
4007,862
2279,255
1558,308
4048,666
2972,540
2164,1600
2649,2106
4475,1064
1877,1721
1438,346
2208,1562
1682,780
3807,601
1204,1059
1874,2777
2650,2073
2983,1335
1605,104
2183,1827
1889,2977
2160,1926
3854,2466
2271,1616
3572,1106
1524,854
3531,1906
2111,1928
3497,2039
1522,100
1701,17
2318,605
1514,996
3485,540
1882,1686
1867,2978
787,563
1194,587
2120,2880
1668,2573
2147,1869
2170,1802
2979,1334
1940,437
1712,994
1877,2814
2410,1796
2248,409
2190,1690
1879,2848
2268,1368
2690,1855
2691,699
2082,2575
3107,540
3518,894
2809,2241
1597,288
2160,1877
2663,893
1578,621
5019,1091
2320,1899
2362,1549
2918,1996
2662,956
1199,988
1072,565
1881,2909
1584,284
1091,916
2656,2410
2639,1011
2533,701
2959,1707
2294,588
1466,838
3331,2445
3409,2429
3791,2391
2545,303
2251,1654
1216,1069
2312,1761
2487,1247
3032,776
4096,678
1235,1026
2014,279
1878,537
2485,2428
2157,1754
5096,1147
3029,776
1614,741
1600,598
2442,1774
3499,549
2416,3571
1034,699
1518,1004
2205,1694
1120,1069
2608,3444
1873,2640
3824,645
5027,1533
1785,3098
2004,159
2012,423
3783,635
1883,816
2144,2485
1576,311
2028,2327
1195,590
2184,258
2578,397
3203,542
2458,1919
3533,2348
3550,2247
2827,546
2185,1923
2448,1952
4906,2000
1439,350
2254,312
1884,795
2694,1589
2162,1890
3332,444
1168,1088
2194,1929
2367,472
2658,820
4477,691
1887,397
2225,2637
3396,521
2855,1970
2550,571
2838,1724
2130,1801
1201,873
1275,338
2209,1703
754,644
1761,1033
2320,111
1315,853
2143,1746
2120,2794
1593,3113
884,2335
1328,2557
2370,1676
2249,2000
2143,1898
1581,277
2342,1791
1214,999
3469,1879
1314,898
1659,773
2470,1284
3175,1354
2652,1817
2212,1901
2947,1327
1323,999
2547,1543
1115,557
1792,477
2249,2046
2616,547
1213,1064
2223,2536
2765,2078
2500,530
2121,2696
3784,599
2273,1613
1875,1627
2280,346
1611,1003
2975,2057
2714,1240
5196,1499
882,2040
2126,1953
1801,93
3800,1917
2242,251
2912,1690
1202,1049
2375,118
1665,310
3995,3176
3597,915
2202,104
1039,497
2559,3565
2700,541
2274,255
2789,1314
4040,848
2688,947
1131,879
1874,932
2213,268
1968,602
2676,444
2247,2021
2128,2731
2166,1894
2251,1894
1593,3114
1063,478
2016,442
1335,2532
2262,1618
2607,1779
2784,1100
5193,1236
1445,1125
3974,709
2438,3571
1256,1042
2411,2411
1295,1039
2614,1306
1517,99
3540,1249
3609,893
1174,2234
1352,258
1573,310
2934,1700
1073,728
1692,310
2608,1517
1152,2231
1235,687
2227,2079
3638,2744
2733,1695
2387,486
1296,991
1516,104
1576,608
963,543
3495,2144
1180,1003
2232,1598
1952,1711
1851,315
2531,769
3276,2429
2236,577
2633,1698
1728,316
2164,1703
2167,1690
2758,1851
1198,929
1328,571
2271,1619
1319,1072
2714,2077
2280,1618
2504,1236
2073,2580
2404,3566
2319,107
2950,1756
2532,686
3416,2439
2580,549
3248,1908
1356,603
1997,1587
2916,415
2098,2568
1580,282
2913,1919
2403,1688
2621,2239
2401,1635
2909,1681
1573,781
1942,662
2289,414
2056,2842
2279,246
2249,377
2655,1917
3526,2320
1476,783
1579,635
1193,585
2849,1686
1010,502
2230,1720
2756,2080
904,549
1258,1042
2950,1161
2031,596
2445,2103
2085,1801
3056,784
2170,1927
2652,1510
2560,1516
2126,2913
2976,542
2250,2000
935,541
2675,2239
3179,2354
2894,411
2202,1686
4100,698
1195,550
2245,1915
2658,558
2843,617
2287,300
2490,2414
1014,698
2042,2736
2102,2650
1477,611
2289,544
2127,543
2824,1693
3407,2422
2856,2101
3553,1612
2516,3492
2199,1915
2125,2773
2541,546
2524,1961
2912,1341
2566,2687
2613,1798
2252,297
1353,2532
4097,678
2140,378
1527,1005
1162,1022
2578,3459
2444,2269
2213,1917
1763,1582
2207,1896
2240,312
2258,598
1678,22
3477,984
1802,1751
2708,1920
3503,2414
2300,579
2249,320
3780,3273
2250,1598
2444,2485
5173,984
2795,1915
4225,739
2131,1804
2507,602
2420,780
2219,1923
3500,548
5028,1502
2054,1642
2470,1284
2248,397
982,522
2183,2455
2531,690
1195,984
1875,810
3414,1392
2119,2748
1198,934
2116,1954
3497,2118
5073,1686
2202,1655
1803,98
1755,1161
1184,918
2369,1797
1391,738
2748,749
1121,574
4159,734
5066,1135
2958,542
2655,2410
2334,1561
2246,2064
2155,1804
3328,444
2086,1693
1672,97
1882,894
666,602
2266,1366
2125,2893
2813,548
2568,454
3248,2419
2132,2572
2448,1384
2207,1804
2417,787
2831,1372
2476,473
2640,2433
3497,2018
2951,1867
3555,2265
1888,2537
2364,1912
1114,449
2138,2370
1357,999
2525,308
1578,641
3550,1701
2033,596
2337,113
2262,1695
966,522
1234,769
1481,316
3548,2434
2940,1567
3127,1671
3291,528
2613,2239
2037,2365
1501,603
2996,1680
3516,2023
2001,1745
1964,1691
2720,555
2220,1933
2287,251
3282,2774
1865,1640
2103,1698
1856,1633
2782,1022
2124,2658
1798,310
2457,1551
418,1514
2368,685
3552,2429
2574,383
3281,471
2111,1833
1199,602
1802,149
3894,600
958,1848
2788,1821
2814,676
4023,725
3497,2042
3791,642
1297,878
1544,1041
1584,439
2362,2769
1013,504
1870,310
3638,2744
2270,512
1240,668
2118,2624
3977,1819
2122,1804
1331,1000
1949,1699
2155,1976
2566,581
2251,2000
2278,248
946,535
2126,2777
2324,1764
2850,1355
3520,2405
2705,1699
2849,1349
2806,707
3204,1722
2551,303
2797,1505
2595,1517
1578,627
1558,1042
2203,1904
1638,738
2766,2046
1980,1587
2340,1535
3490,2034
3407,2440
2042,1688
3428,1909
3741,3172
2743,751
2339,1534
2279,253
3675,723
3616,862
1073,726
2207,2383
1160,1062
2773,2050
3273,546
2724,1694
2122,2707
3609,915
2150,1955
2290,2360
2607,1779
3553,1614
1885,2853
1197,1001
1772,311
2346,120
2662,1012
2366,2755
4645,908
2516,1509
2010,161
3512,1495
3171,2353
1776,1687
2711,866
3260,2569
1030,493
1014,702
2122,3026
2055,1949
1663,2547
1863,2844
2403,3574
2962,1921
2047,2590
2451,370
4975,1531
1196,881
977,2040
3490,2410
3326,456
1890,437
2025,1725
1980,2242
2126,2603
2411,582
1200,1020
2175,1928
2461,1960
2197,1974
2847,625
2916,1691
1803,174
1218,1070
2151,2583
2136,1964
2341,163
2268,1792
1186,2240
3791,886
2500,813
2277,1615
5039,1517
2159,1573
2385,598
2716,946
1608,290
3280,2432
3686,2969
2861,2062
4107,706
2718,946
2550,1161
1909,759
2127,2727
3973,564
2277,519
2025,1752
2739,1312
3466,832
2014,308
3554,2253
2860,2085
1245,959
4308,924
2249,635
2418,587
2846,1915
2340,1917
1130,417
2289,1792
1376,527
2963,543
1614,2569
1793,769
1874,324
3376,406
1769,736
2652,999
2431,599
2445,1789
1200,1037
1417,287
2675,949
4304,769
3059,1686
2896,481
2004,214
2252,484
2719,2081
2994,1688
2854,1343
3546,1698
1190,1072
2473,2292
2396,1374
1885,598
2550,1171
2663,966
2851,2117
3931,610
1440,2734
2018,170
2107,2582
3546,2241
2268,515
2122,1819
3687,783
3277,473
2165,1674
5013,1118
2183,1920
3524,2253
1194,405
2129,2583
2251,2000
2765,2051
1696,949
1294,999
1664,1038
2663,1005
2115,2318
1515,988
2560,1920
2042,2728
2538,569
2417,790
2174,1591
3242,2414
2365,685
2303,2206
1923,1629
2207,1976
1280,843
1913,600
2129,1773
3794,2395
4357,735
2076,595
3638,2744
1128,2811
2478,604
2190,1914
2445,2128
1288,323
2490,314
2522,1183
2359,1547
1876,566
4912,1046
5204,1248
2802,1103
3477,984
2943,1329
2287,125
3107,540
2246,577
2160,1619
2120,2847
1722,720
2994,1689
1881,1663
3171,2364
1879,484
1746,565
3155,441
2282,1775
1196,829
3683,903
2328,2766
2219,373
1231,997
2773,2046
1768,431
2087,1684
2282,1723
1200,998
2377,1538
3121,2302
1977,1630
1199,965
2247,605
1657,996
1659,436
1420,956
2050,371
3496,2174
2909,1961
2127,2600
2651,2148
1865,438
2578,557
2239,1916
130,1518
1578,608
2719,1321
2091,2726
3955,581
2243,254
2758,345
2389,591
1153,743
3495,545
2908,1694
2907,1374
4217,747
1630,1041
1408,472
1873,2777
2420,1349
866,2320
2131,516
2456,613
3996,861
3315,2443
2039,2504
3018,549
3485,1830
2008,242
2896,1686
3800,642
1578,610
2746,359
2611,1907
1802,802
1974,2599
1885,2611
2578,540
1195,2241
2046,2703
2038,2507
1192,578
1651,842
1313,2744
2775,2005
2160,1866
1344,840
3824,2442
1625,279
2385,1957
2191,1846
2114,2751
2289,412
2525,1917
3531,1903
2150,2584
1454,741
3554,1074
4023,698
1200,1037
2545,3564
2773,1920
2101,2769
2250,1816
2173,1575
3977,1822
2352,2535
2974,437
2816,1704
2006,1688
2194,1938
2131,2737
1654,2858
2252,373
2253,1895
2191,1978
1190,1072
2115,1802
1863,511
2445,1400
2941,1697
2125,2812
2348,120
1217,860
3776,517
1201,2256
923,834
2541,1794
2110,1694
2004,389
2855,2055
1278,596
2580,386
1587,437
5164,1353
2118,2621
2240,1711
2444,1771
2279,249
2235,610
2215,1582
2140,1668
2800,1515
2118,2630
2405,1689
2160,1704
2121,1841
2339,1562
1155,3094
4189,732
2163,1780
1306,608
2833,1360
2247,1903
2110,1699
1213,1065
5143,1183
1619,1006
2192,1914
1254,1000
3909,606
1473,1044
2255,2002
2488,1246
2250,314
1199,2233
1086,2148
1792,477
2201,1915
1200,989
2022,1648
2139,2578
4305,740
2451,1576
2933,1914
2110,1698
2609,3254
2022,1741
3528,2346
2114,1834
4036,750
2411,378
2655,2235
2008,1748
2584,1886
1505,600
1132,575
1197,912
1436,741
2185,1690
3541,747
2169,1927
1670,315
2171,2569
2693,1813
3776,3272
2099,47
2772,544
2506,2673
1599,799
1598,642
1306,1040
2513,1919
4484,765
1809,2566
2211,1605
2784,1111
2981,1177
2551,1692
2785,1112
2120,2676
1872,2623
5203,1223
3481,2440
2618,1710
934,2045
1347,260
2161,1670
3214,539
1368,999
1874,2730
2276,247
1880,2947
2563,3496
3349,458
3789,3263
2237,1689
2475,1182
1575,580
2955,769
2499,2422
3261,2719
2473,2292
2146,1890
2521,1959
2251,1606
1301,2120
2429,2042
2211,1599
2405,751
3674,757
5217,1237
3915,1060
2020,2378
2253,1895
2121,1701
2143,1801
2273,315
927,542
1345,571
2645,2425
2164,1678
2631,1040
2908,1395
1760,1036
1203,1054
2536,302
1312,2556
2369,113
2437,1666
1214,1079
2272,1652
2475,1353
2161,1794
1846,893
2766,2207
1192,1020
2162,1771
1423,858
2134,2810
2235,1957
2369,1758
2906,415
1319,2537
4880,1473
3002,549
2114,2757
3800,2608
2082,1883
2178,1918
2569,457
1199,793
2647,2216
3562,1789
1884,2611
2497,1242
2141,1689
2817,1477
2121,1760
2124,2711
1895,320
2576,2244
1453,844
1071,738
1727,1688
1878,1613
2013,311
1741,570
1068,740
2784,1562
915,2039
2461,1315
3389,538
1604,275
3151,543
3325,497
2164,2519
1676,2564
2354,2000
2005,215
2450,1784
2781,2000
1197,2247
2338,1560
5060,1129
2877,1689
3277,2430
1431,279
2650,1008
1074,769
2285,1395
2817,363
2268,1617
2005,577
4884,1760
2566,572
3256,2058
2735,1921
2120,2678
1781,2571
2764,2237
1781,775
1764,312
2070,1657
2403,1917
2053,308
3280,462
1922,2939
2967,540
1198,1029
2172,1585
2786,2062
2710,1274
2607,1638
2827,1691
3254,1911
2251,2004
2315,2590
2169,1802
2144,1946
3330,453
2188,1902
3270,2437
2416,793
2107,1795
2213,1607
1885,520
2452,591
1199,1037
2601,1413
3555,2303
3516,2467
1431,279
2136,1963
2711,554
2443,1833
2228,1678
2750,1695
1329,1002
2377,1538
2316,111
1032,484
3706,2299
2534,298
875,2023
2236,599
2054,2575
1500,838
2451,2338
1625,792
2252,568
2755,1695
1863,2988
1400,738
1600,842
1870,2978
874,2615
2610,1365
3731,1924
1423,839
3328,444
1223,1015
1904,14
2829,1920
2143,1884
1386,512
1005,826
2776,2062
2206,2770
5214,1233
1309,572
1218,370
2903,1679
886,2045
1866,2834
4897,1521
1724,1020
2126,1801
2396,688
2065,1948
1600,702
1022,703
4022,870
2001,2733
1404,1039
2311,288
2973,751
1952,784
2007,1749
2632,1253
2119,2760
2686,919
2247,2010
2745,1622
984,514
2405,581
2678,942
2209,1599
1884,668
2038,2560
2987,1704
1448,597
1369,1042
2905,557
2580,541
2576,446
2529,1846
1990,2468
1757,1112
2947,1925
2305,1795
2069,1659
2566,561
2126,2963
2475,1353
2832,711
2619,1916
2100,2700
2278,1615
1726,554
3331,431
2208,561
2122,2627
2669,842
2070,1692
1573,1049
3655,1911
2605,1417
2169,2510
2419,755
2053,1641
1881,2937
1394,462
1885,478
1314,622
1874,339
1591,736
2554,2968
2475,307
3513,614
2013,437
1202,1057
2030,2591
2878,1690
2511,1904
1914,15
1842,849
3515,745
2015,1757
2096,308
1222,1027
3037,544
1308,2492
2364,2401
4355,746
2058,1649
2860,1692
3510,1113
2692,1815
2647,2223
1282,594
2284,128
1199,926
2765,1985
1846,3005
2082,2572
3893,606
2262,1849
2147,1901
2445,1969
3513,892
2485,1915
2684,709
2315,103
1201,1040
1932,1691
2125,2539
1197,983
2885,414
2088,1693
2039,2600
3310,1910
2446,1469
1664,1002
2919,2072
3770,595
2051,2727
2445,1909
2873,545
2754,2245
3539,1619
2899,1679
1204,959
2000,238
3179,2359
2117,309
1257,924
2620,1416
2010,2815
2146,2354
1477,158
1256,679
2919,545
1757,486
2841,429
2160,1860
3657,1914
2826,1690
2234,1913
1192,1056
3517,1478
1009,503
2202,1838
2759,2237
1604,150
2940,1626
2697,913
2540,766
3788,2385
3278,2430
1891,2968
1360,298
2771,2069
3870,603
1875,1607
3551,1707
2462,1314
2236,1802
2420,589
3511,612
2618,1414
2931,1708
5047,1131
1310,597
1867,2834
2275,275
2308,2138
2139,1689
2156,2527
3856,645
2344,164
3762,2356
3767,3285
1202,1043
1544,85
2258,2198
2448,1365
1128,578
3487,2432
2116,2700
2453,1943
2174,1918
2773,2213
2251,2009
1573,311
2613,548
1114,683
3003,1699
4043,681
985,520
2533,814
2122,1864
1086,2148
3179,2359
2789,1702
3790,3270
1214,1046
249,1719
1730,12
2083,1674
1177,1010
2404,472
1382,1039
1659,777
2755,2249
2184,2553
3923,601
2537,552
2326,1794
1676,993
2289,415
2787,2040
1422,1039
1348,263
2934,544
1329,2526
1877,2784
2610,1308
2184,1924
2146,1811
2061,1950
954,835
1802,1750
2267,1699
4304,1373
1211,1085
1304,2490
1467,1038
2778,1110
2139,1693
2168,1983
2642,2240
2538,823
3533,2299
2502,1697
2854,1064
2891,568
2775,1871
3474,983
2130,2666
3715,581
911,1831
2247,522
895,2250
1693,2567
2121,2798
2061,1804
1313,2744
3159,1906
2360,115
2612,3425
2322,108
2251,400
2544,1411
1417,1039
2855,1337
1185,1008
2098,2573
2247,2022
1971,632
1625,279
2156,1971
2666,616
2039,2736
2186,1916
1197,1052
1174,2242
2908,417
1453,143
2249,2028
2154,1982
921,834
1192,1051
1827,754
1191,413
2481,1582
3192,2379
1872,2833
1880,424
5043,1518
2579,578
3730,2440
2165,1670
1634,35
2003,385
2485,755
3705,776
2039,2615
2138,2545
2155,1976
2143,1800
2963,1920
1869,4
2169,2493
1780,741
1875,844
1309,2500
2391,470
2273,2407
1652,1039
1124,563
4286,1201
1190,1049
5219,1257
2133,1956
2066,2569
1433,601
2122,3497
1888,741
1198,984
2008,440
2178,1939
2004,1747
1197,552
1893,2436
743,553
2336,1562
2715,2084
2363,1761
2838,1056
2059,1933
1779,1735
2128,2911
2308,1943
2109,1802
2371,2211
2774,2233
4418,861
2566,554
2066,1692
2963,2183
2446,1332
2756,1316
2119,2563
2067,1693
1193,1089
1194,412
2325,693
2125,2622
1036,678
905,2041
1427,1039
2627,548
2117,2627
3091,547
1782,3070
2980,1711
898,2532
1179,1059
966,1038
2220,1933
2483,307
2294,1363
2287,498
3504,2376
1409,486
2609,1688
1595,721
1781,775
1940,1748
1875,514
2119,1840
2029,1750
2116,1801
2795,997
2740,357
2246,2115
3551,2434
1645,150
2774,1690
2768,2009
1876,2618
1298,1040
2526,703
2272,318
1658,2628
2763,2237
4305,807
2070,1799
1942,17
2543,684
1432,584
1174,920
3989,641
2842,638
3206,2391
1436,602
2581,3376
2348,567
1911,603
5205,1239
2145,1816
2579,470
1891,2977
2533,299
1436,2540
2839,2302
2915,1342
2427,3576
2463,1316
3268,2636
1317,1038
1621,2689
2253,628
2373,1482
2039,2600
741,555
1199,649
2335,113
3593,1900
3648,1910
1226,2188
2298,1987
1484,598
2567,2238
2064,2619
2856,2078
2236,609
2582,582
2164,1673
2445,1320
2994,1688
2090,1804
2241,1916
1191,2244
2268,1698
1337,1039
2778,1701
1571,601
1741,1086
1873,410
2091,2574
1066,2140
2242,1595
2201,1690
2117,2977
2106,2726
2254,2000
3332,457
2363,695
2534,298
2648,2225
2638,649
3520,1188
3547,1171
2401,1917
2282,139
1196,723
1356,838
2896,1682
1662,2556
2565,1158
1040,701
833,2467
2722,555
2002,165
2912,2031
2286,2355
2961,2184
3683,906
2890,415
1031,702
1132,1049
2147,1940
935,541
3772,2458
1204,1061
1036,846
3783,2474
2553,334
2195,1975
1872,310
1302,892
3510,2458
2553,1792
2125,2673
1877,2787
2347,114
2558,364
2964,545
1682,2565
1163,2152
2149,1694
1581,310
2277,1659
2279,1657
1316,1039
2312,109
3513,2456
3067,2281
3812,2377
2817,713
3856,650
1159,859
2122,1814
2995,382
2159,1870
2783,386
2114,1841
2611,1355
2114,1841
2252,469
1112,1043
3501,2180
1199,1037
3530,1883
3112,2337
2756,2153
2793,1027
1311,2488
2364,698
3680,2352
1328,893
1578,752
2198,1898
2145,1804
3651,2431
2664,1914
1344,1001
1200,1005
3504,2405
2455,1317
2108,2582
1514,302
1308,857
2820,1703
2252,596
2562,578
2031,2616
2638,649
2246,2198
1883,762
2118,2624
2878,412
2452,3566
2708,959
2412,2378
2244,522
2173,1920
1197,1020
2160,1662
2500,368
2765,546
2122,2734
1730,1008
3467,2603
2273,1658
5073,1142
2193,1971
2326,1721
1252,948
1649,2675
1023,703
2164,1766
2450,2351
1577,546
3327,444
1802,82
1643,1072
2118,2622
2164,1893
2160,1703
1876,828
2321,512
2499,368
1945,1699
2024,1741
2337,1790
1268,1040
2387,117
2241,2767
2088,1673
2009,294
2958,2186
1891,600
2473,2292
2118,2774
1481,678
2538,583
2697,877
973,843
2697,1661
2193,1935
1676,1038
2983,549
2125,2841
1879,504
2375,2653
1422,742
1195,596
1459,1038
1358,1042
4633,974
2655,2005
2860,1690
2116,1837
2611,1884
3421,2432
1548,2568
2659,975
1674,996
1989,1691
2651,995
2008,1748
2856,1083
1563,1001
2450,1674
1827,1786
1367,999
4305,1375
1302,1046
1992,2454
985,509
2251,1897
2167,1973
1297,478
2269,1550
953,527
1612,1038
1661,1042
1259,645
3797,2512
2002,2589
1199,652
1008,503
1197,546
929,826
1707,504
2259,266
2963,1959
1877,1704
2115,2735
2002,565
2604,1958
2130,2660
1368,941
2752,2079
2449,1736
2207,1705
2503,478
1288,324
2883,2091
4312,2816
1319,2538
2731,1638
3750,3266
1196,931
2274,253
2605,1422
1782,601
1321,887
1155,1017
1034,703
2500,1714
2531,299
2584,571
2569,1551
1594,286
2158,1690
3006,1910
2992,1700
2420,591
1305,588
2353,124
3540,1048
1030,1035
1231,933
2718,834
3523,1100
2573,3626
1517,99
2004,238
2851,1961
2126,2718
2690,1579
2378,2817
3401,2433
2127,2605
2227,1592
2544,324
1998,430
1485,626
1012,2063
2353,2768
1885,2611
2398,1477
2437,2525
2285,1791
2913,1687
2407,311
4310,764
3000,1699
1328,898
2024,1736
2386,1381
3164,541
1096,545
2120,2798
4332,2909
918,547
1305,2543
4049,670
1870,335
1249,838
1999,599
2007,292
2094,2570
1198,1057
247,1659
1499,311
2764,2049
3858,647
2499,807
2452,1447
1802,4
2444,1730
3931,602
1631,1041
2607,1674
1894,327
919,840
1983,1959
2174,1927
917,509
2375,2340
1600,807
3567,2034
3683,669
2086,1801
2267,271
1875,1594
3006,1739
2113,1836
2751,1701
2441,1666
3514,2017
2823,2672
1196,885
2676,2240
3553,1629
2919,2077
1200,1000
2653,552
2161,1759
1200,1022
1936,12
3523,1156
1371,242
1599,738
2922,1528
3702,948
1195,588
1212,1062
2185,1924
1514,602
2274,1619
2392,1374
2942,1744
1872,336
2571,459
2280,260
5208,1513
2488,1920
2696,949
2140,1668
2551,3463
2664,1914
1394,1043
2580,540
2268,1698
3014,1714
1876,2629
2693,1332
2231,1806
663,610
1456,741
1385,1164
2858,2079
2566,3595
2568,1308
2750,546
2901,1961
2166,2499
1214,1068
2614,1717
2125,2781
4326,879
1565,2602
1071,822
2132,1804
2550,680
1309,898
1694,599
2120,2831
2076,1689
2253,489
2063,1948
2340,115
3341,1813
3778,2439
1400,958
1447,1125
1302,2522
3510,577
3791,981
3261,533
4883,1491
1637,1038
2135,314
2452,1359
1431,678
1393,730
2016,442
1467,476
1148,413
2496,2759
1413,484
2379,2700
1331,588
1857,744
2852,1995
1867,316
2282,124
2047,1688
2652,1007
2126,2712
1209,387
2005,186
1875,934
1828,7
2115,2918
5070,1678
2166,1549
2263,1792
2253,668
1573,775
2278,1615
1519,802
2909,1689
4387,730
2839,627
1113,447
2160,1971
2807,2245
2672,700
2127,1717
1980,1691
2854,1064
1441,598
1368,539
2384,1759
2724,834
2825,1691
1197,889
1547,603
5056,1650
3495,2428
2445,1774
2617,1960
3976,644
2646,1927
3745,3208
2200,2308
2501,2423
2649,552
2008,422
1946,1576
2896,1708
3588,1899
2795,1474
1296,833
1279,343
2007,461
1875,2760
2664,952
3554,740
969,839
2647,2212
3102,530
1492,315
2130,3071
2728,1694
2033,2576
1876,2511
1924,2935
1980,1638
3027,1711
3407,2423
883,2439
1875,805
2038,2510
1847,89
3824,645
2357,121
1213,1068
1328,1001
2543,310
2800,1008
1759,547
3251,538
2244,407
2951,1867
1759,2555
2896,1682
2134,263
2004,157
2025,1722
1190,996
2118,1837
2590,1546
4163,733
3551,1702
1204,1058
2514,495
2921,2051
1187,2240
2270,1614
2199,1616
2248,483
2661,326
3214,759
2207,251
2084,1800
2139,1937
2171,1699
2615,1366
2573,458
2067,1659
1197,974
2781,2050
2362,1549
4010,861
1578,670
2442,1476
1465,126
1758,2567
2271,1616
1223,1068
2369,123
1261,341
2042,1688
2312,1761
1878,473
3703,2315
2080,2815
4116,702
1663,2572
932,546
3731,588
1877,2832
2711,835
2375,119
3540,1250
2514,601
2140,1792
2810,545
3546,2429
2849,1686
3163,536
1225,1076
1996,242
2004,255
2403,1769
2901,1689
2951,1867
3436,2428
2119,2732
1265,673
1479,922
2862,1071
2814,675
2718,951
2408,591
2243,2536
2093,1687
2204,1687
2791,2565
879,668
989,838
2667,1669
2418,469
1541,743
1194,908
2092,2574
2860,2063
1539,743
1439,383
5031,1516
2138,2859
2343,129
1306,2495
3277,463
1879,1596
2362,1549
3275,2787
1817,948
1811,164
4192,2104
2002,536
2251,487
3263,2568
3753,596
1859,2852
2907,2123
1400,836
2597,1698
2445,1680
4823,1006
1894,13
2742,537
1581,446
2020,2577
1627,311
1875,2626
2609,1505
2140,1727
2929,2150
3509,2090
2986,1717
3509,2372
2008,1748
2143,1751
1292,838
2253,2006
2405,1917
3679,2700
2942,1693
1538,1037
1838,1751
2111,2743
1190,1050
3254,2060
2762,2338
2833,1364
2035,2620
1875,2628
1530,772
4303,994
2888,2131
4069,851
891,2524
1185,1054
2717,552
2389,1687
2769,2535
2126,2576
877,670
2356,1552
2416,793
1310,596
2344,165
1678,99
2442,1915
3477,984
2448,1821
3565,1750
4248,746
1963,1633
2227,1677
904,870
2261,2022
2946,1905
2365,121
3538,741
2244,2005
2317,264
1998,264
2226,2520
1455,1039
1026,494
2517,1480
2443,1329
1895,512
2060,1652
1961,2305
2832,677
838,2022
2978,540
2172,2470
3004,380
2459,1405
3521,1141
2947,1918
1175,2233
2240,1600
3329,441
1653,3043
2100,2698
2463,1583
1525,990
2062,1946
2545,582
2364,2012
1306,836
1322,2554
1421,597
1516,781
3019,385
2349,2553
2659,1721
2560,1920
3479,2440
1477,787
1928,2266
3498,892
2538,310
2775,2063
1564,315
2365,2208
1189,2786
2262,1893
2447,1436
1514,993
4053,931
2777,2075
2817,699
1592,432
2571,1699
4099,677
2800,1121
2445,1425
2217,2527
2822,1468
1519,995
2361,2507
1663,2558
2095,1687
2788,1317
2585,2968
2375,2654
3324,445
2112,1703
2564,576
1925,2262
1039,698
2155,2770
1198,550
2781,2000
2278,2333
2248,443
1417,291
1874,2777
2854,1950
3279,2429
1374,256
2607,534
2269,1690
1580,680
2679,1957
1563,71
2844,1902
1728,2948
2122,2633
1383,1041
2174,1690
3265,2695
2605,1416
2773,2314
2094,2568
1441,931
1310,2514
4655,907
1883,379
3279,466
1733,1750
963,543
2817,1473
2734,777
1730,308
2517,1476
3283,471
1585,569
1883,907
2252,1689
5028,1532
2589,301
2840,1701
2530,700
2249,2013
2249,2006
2196,1915
3504,2087
2642,1916
2563,2433
2445,1942
3875,825
2532,584
1429,870
1216,1069
1017,497
1655,2685
1420,353
1323,2441
2291,1795
1964,1587
2125,2895
2066,1658
1751,565
2358,1549
3503,2445
2122,1788
2580,2082
2271,1621
662,611
2612,1662
1316,2523
1055,485
1572,601
1730,316
3177,2357
3526,2320
4022,720
1247,1039
3548,2245
2288,150
2163,1812
2160,1595
2157,517
2297,1378
2584,423
2105,2758
2851,1995
2648,2215
1032,702
2581,3383
2231,515
1941,1687
1802,74
2237,2813
2487,3574
2532,317
2009,248
1878,538
2902,1684
1196,947
1445,1125
1899,887
3575,2052
2167,1690
2556,1573
2111,2766
2412,3567
1545,318
1313,2744
3449,535
2138,1694
2004,289
3480,2446
1579,795
2904,1380
2246,1649
2917,1694
2128,2767
4234,749
2358,2401
2610,1880
1197,995
4022,866
2947,1690
2649,1517
2003,388
1879,1606
1197,967
2155,1976
2251,1995
2121,2771
2178,1590
1876,2818
2323,107
2026,2584
1397,691
1850,1748
1474,1039
2809,700
1012,807
2059,1947
2156,202
1070,843
2707,1264
2272,257
2226,1677
2907,1915
1642,34
2853,1353
1190,1072
1314,840
2056,345
3154,2351
2686,892
2363,1798
3062,390
1814,991
2608,1433
2513,1315
2904,408
2370,686
2151,2568
2147,1873
2059,1933
2850,553
1311,2523
1316,598
2357,1792
2241,1916
2164,1689
1595,724
2400,120
2580,1798
2565,302
4304,955
2376,118
2563,565
1611,737
2647,2069
3263,2569
1396,507
1281,1043
2163,1817
2923,2922
2835,1321
1559,602
1156,742
1601,285
3169,1715
2155,1976
2290,410
2000,538
2804,1969
1356,881
2279,1749
3628,903
1438,357
3331,432
2511,3572
1560,826
1700,3185
2243,1554
2439,1917
1981,1688
1335,2540
2902,1695
2376,1796
1422,456
4080,851
2120,2561
3682,912
2177,1832
1875,901
3080,542
2316,107
2453,1373
1831,2497
3176,1355
2647,2066
3191,447
3412,2423
2122,2584
2118,2619
2034,2573
2380,2691
1603,221
1171,2234
885,2242
1377,843
2137,1941
2499,1917
2126,2763
1999,1688
1652,598
2743,749
2850,1988
1565,311
5065,1135
1593,3113
2707,2238
2145,2534
1538,1036
2860,546
1178,924
1849,427
3495,2370
5203,1232
1197,1043
2984,2181
2249,2001
4987,1263
2005,289
3650,615
3788,496
2286,133
2037,2559
1431,279
2344,111
2751,563
2540,1314
2107,1700
2544,310
1024,477
1978,1583
1195,556
1431,279
2153,1976
2200,1624
2710,1660
2765,2207
2750,340
1228,1040
2445,1315
2666,946
2649,1692
2249,404
3533,1061
1398,1057
2543,2818
1158,1027
3332,437
2339,1536
3840,2465
2228,234
2133,1956
3510,2459
2248,426
1861,2987
2913,1768
2716,1653
1196,897
1844,3007
2837,1639
2770,1696
2422,2344
2933,411
2414,473
2444,1622
1753,1173
1160,411
1774,594
3829,3254
1196,869
2086,1693
2544,3493
2630,556
3174,451
2574,406
2741,2244
2684,553
2069,1661
2926,1698
3942,606
2344,474
2686,892
1008,2058
2693,1674
1200,1036
3175,2307
2114,1841
1969,1630
1550,833
3325,224
3072,1704
2161,1736
1200,1051
2600,514
2198,1974
2410,573
2001,590
2969,1602
3125,2306
1585,286
3003,1699
2402,1771
1015,700
2324,2642
1862,323
1574,659
2353,1791
3281,2449
1899,635
2609,1125
1384,252
2367,1796
2535,701
2919,1680
2092,2575
2449,2003
3042,541
4329,1090
3547,1726
2010,678
3556,2260
2101,1959
5193,1516
3786,893
2283,120
2222,1576
2532,699
1887,682
2547,573
1769,2737
2721,847
2456,1335
2243,1916
1433,1042
4096,669
2170,1925
4840,1022
1038,498
2283,662
2146,1826
2708,1264
1876,2611
1881,351
2293,1793
3836,2463
2868,2066
2460,1920
2247,2796
2420,355
1685,968
2417,787
4989,1068
2269,1550
2128,290
869,2443
1218,2219
2334,2968
2101,1803
3520,2347
1363,1045
3605,892
2414,769
1421,601
2915,551
2148,2503
3522,2308
4334,752
2901,1961
2488,1244
2732,609
1574,547
3602,1018
2813,1374
2769,2203
2202,1674
2774,2065
1783,436
1876,2856
2628,1916
2175,1543
1603,286
2024,1742
2190,1690
1690,2564
2260,1892
1996,1695
2610,1412
1248,1040
2248,677
2401,3571
1314,2614
4980,1068
2276,258
2251,1994
3278,549
1754,1101
2271,1714
3815,2435
2441,1326
2849,548
2573,3461
3800,3254
2538,320
1867,2978
1382,746
1387,744
3548,2434
1199,1018
2202,1917
3288,1748
2120,2847
1872,1712
1883,467
1571,601
1807,75
2753,561
1658,2618
1196,903
2291,413
2475,3488
1321,2337
2236,1802
2771,2066
3409,2429
4035,857
2843,2259
4033,656
2303,2141
1558,827
1268,836
2220,1933
2836,2237
4309,891
2607,1802
2702,1519
3235,464
2452,1331
1237,1082
2851,2036
5193,1521
2363,1963
3494,578
2852,1953
1829,120
3597,549
4054,673
2783,1090
2610,1520
2415,3571
1482,887
2574,463
2193,1971
2764,2029
781,1947
1574,748
2033,2580
5042,1672
2357,2770
1874,1619
3514,2467
2708,1265
2161,1801
1194,837
1665,1042
2087,1684
1102,1009
2136,1963
1315,2630
1369,247
2275,268
2036,2392
2126,1804
2320,291
2180,1804
4120,881
2055,1642
2609,1481
1654,2569
3188,2290
1472,312
1800,789
2362,2757
1898,13
1197,904
2249,389
3994,638
2310,581
2664,2231
4308,754
3330,431
1311,2532
3393,537
3022,2218
1115,449
934,545
911,551
2121,1813
3282,464
2438,3584
1114,448
1309,2616
1467,678
4284,746
1800,240
1369,244
1536,780
1773,546
2648,2230
2257,1543
1267,842
4023,699
3730,786
2853,1063
2936,1686
1654,2674
1330,572
1214,1118
920,834
2248,2014
1200,594
2167,1931
2605,1703
2009,356
1398,1057
3946,875
3240,2414
4314,783
1305,2544
2417,776
3869,596
2046,2706
736,557
2983,393
1878,2845
3497,2078
2047,2843
1187,395
1018,501
1386,500
1278,598
1204,885
1401,682
877,2236
873,2704
2555,314
4075,851
2249,2015
2488,1244
2610,1716
2880,1689
2193,1690
2186,1695
2547,304
3975,722
2550,680
2257,282
2452,1334
2144,1876
1578,2680
1831,1789
3258,2552
2253,619
2910,1680
3497,2065
2226,2061
2582,1795
2247,2000
2764,2210
1888,608
3757,593
2597,1960
3707,630
2944,1541
2715,1924
2957,2187
2980,1953
1397,1057
1511,2549
1200,1018
3595,1901
1671,1001
2869,2353
3369,2440
2159,1596
3853,706
2596,1925
3751,3243
2289,414
2153,1796
1304,596
2861,409
1807,87
2628,1428
2238,1560
1877,1692
1304,1039
1889,284
2233,1917
2164,1893
3545,1057
3510,812
3408,337
2225,2637
1469,1042
2564,1157
882,2325
4493,771
2185,1921
1113,429
2007,162
2349,1477
2164,1586
2103,1803
1608,155
1385,1039
4040,658
2162,1889
2774,2207
2774,1961
1514,929
1894,329
3537,2229
1740,1602
2242,247
1321,585
2538,695
1508,603
2271,1546
1707,1727
2951,1867
2165,1794
2503,1702
2799,1553
2197,1945
3795,2395
2559,313
2945,1918
3852,3246
2259,404
3267,2751
1366,1002
2051,2519
1167,919
1450,147
2549,1707
4329,2847
4872,1178
1917,1691
2357,688
2857,2372
1205,980
879,2317
1203,1053
2585,1795
5107,1156
5122,985
1961,608
2280,2299
750,629
1194,1057
1280,343
4328,744
2919,604
3856,641
1195,413
1689,2565
2285,585
2917,1996
5007,1117
2547,301
2126,2603
2418,776
2694,1692
3248,1907
1942,17
2185,1919
3551,1701
1976,1634
1392,1057
1194,1054
4306,916
1878,536
3920,600
2182,1918
2051,1951
1616,1003
1380,230
1216,1065
3607,913
1886,2369
1893,327
1943,1751
2176,1884
1863,1708
1333,581
1877,1744
5037,1518
2261,1619
3407,2429
879,671
1942,1585
3519,1932
2001,677
2361,1768
2768,542
1813,96
2121,2780
2283,259
1991,1689
2634,2239
3770,623
1231,999
2543,1876
1803,314
1890,2960
2647,2195
2825,1706
2692,948
2154,1689
3494,2038
1745,1669
736,555
2618,1306
3033,385
2218,1579
1307,835
1024,493
1876,2596
1886,1704
1793,605
1694,2568
2362,1717
2639,2212
3799,3265
1669,604
1876,796
1235,854
1582,286
2962,2184
2146,1694
2878,2069
2068,1692
2981,545
2579,482
1086,843
3499,1047
4299,748
1801,115
3199,2369
2550,304
2143,279
2240,1701
2319,107
1997,1692
2127,1872
2709,840
1213,1052
1242,1002
2279,315
3974,1814
2056,2831
1749,742
3157,1713
1511,2549
1604,811
2256,2264
3412,2444
1770,2571
2248,635
3437,2433
2941,1687
4305,762
1279,1041
2671,382
2282,1673
2851,1993
2164,1634
2211,1601
1850,591
3550,1705
3281,466
1885,883
2611,2429
950,843
2849,2029
2030,2614
4994,1069
2274,1618
2253,2024
2160,1841
2163,1895
1311,2618
1266,1043
2131,2587
2652,2151
2482,1255
2896,1708
2744,748
2262,1849
1021,824
1802,159
2820,702
1563,738
4795,1935
2099,1801
1754,448
2075,2957
2839,1697
1732,601
1764,992
3743,3162
2078,2580
1199,872
2249,600
2162,1727
2201,1794
3471,1895
2107,1619
1192,419
2415,802
2145,345
2340,119
3261,1890
2548,693
2130,3049
2855,1951
2539,292
2712,1544
1523,983
1119,842
1212,1121
1627,2449
2381,2535
1829,2960
2503,1916
2141,1791
2849,1863
4922,1506
3107,1205
1977,1633
2642,2239
3491,2019
2574,452
2741,1633
4262,747
2542,702
1544,83
3322,539
1176,742
3048,567
3037,1031
1595,712
1865,2834
1188,460
2248,1554
948,2041
1949,755
2551,3596
2696,1700
2358,118
2442,1624
2008,254
2540,699
2279,315
3680,756
1730,1010
1294,604
2948,1705
2169,2920
2251,1998
4305,1369
2772,2507
2451,1440
3280,2432
2069,2826
3729,2439
2246,1689
2849,2043
2172,1692
1999,256
2374,1960
2347,125
2769,1927
3422,2436
905,548
2633,559
2686,905
1068,843
2582,530
2123,2990
3201,2379
2330,1919
1480,886
1430,837
2372,1562
3961,608
2277,1802
2250,2007
2962,1336
2180,1927
2547,2129
2092,2576
3679,628
1827,1631
2429,1471
906,549
3487,2060
2902,538
3969,614
2753,558
1808,170
2319,1795
1218,1054
3511,543
1201,870
3123,2327
3307,1754
1733,649
2856,1084
2253,1895
1222,359
1884,887
2005,215
1523,983
2939,1525
2272,1616
2732,554
1975,444
1876,2630
3328,458
3782,881
2096,2569
1160,1018
4308,2824
3265,2531
2279,276
1200,677
2185,1908
2694,894
2655,1875
3497,2451
2340,116
1316,893
4379,3017
1142,921
2254,665
1578,646
3677,733
2198,1980
2740,2241
2422,784
4488,743
1783,1685
2140,1771
2120,2974
3519,1141
2200,1896
2033,177
3309,656
3038,1915
4083,689
2278,1615
2639,2428
1454,1043
1727,2684
2220,1933
1979,1639
2179,1979
2143,1784
1819,93
2785,134
1199,927
2450,607
2357,1685
1886,899
2042,2596
1725,1107
2113,1835
1820,744
2449,1666
1875,2764
2417,581
3157,540
2162,1807
1942,17
3545,541
2592,572
1438,1070
2361,1768
3100,541
1198,622
3771,2482
1994,1963
1706,1034
1805,2563
2607,1424
1838,2549
2140,1668
1901,121
2435,1917
1396,678
2356,119
1306,1042
2514,1919
2251,632
1555,1038
1581,733
926,2045
1880,513
2154,1868
1891,1658
2957,544
2618,1957
2585,1795
1809,79
2723,555
2065,2622
2457,3567
1882,1686
2038,585
128,1452
2190,1943
2656,2105
2965,1925
2573,473
2771,2068
2550,1309
1191,1039
2386,129
2848,1443
2126,1878
3279,470
2559,1916
3471,1895
1452,472
2669,2474
2187,309
1204,388
2950,1689
3492,2038
2087,2756
2446,1679
1298,953
2848,2151
2277,2194
1031,765
3161,1828
1256,839
2582,386
2554,334
1117,1040
1875,732
2411,1665
2188,1923
1576,304
2373,591
3279,474
1464,126
2421,767
2278,1616
1482,846
1980,1630
2260,271
1990,1688
2118,2623
2973,1913
2252,474
1538,831
1392,524
2893,1681
2562,570
1213,1050
2009,161
2283,1734
1199,726
1192,921
2284,249
3479,2440
2724,1228
2373,1737
1478,673
1016,501
2113,2780
2439,1447
2233,1592
2366,685
1555,2296
2447,1407
1818,4
4280,2593
2719,831
2282,123
2834,1151
2092,2573
4694,937
2120,2713
1990,2455
2143,1756
2767,2530
1874,2724
1472,312
2400,2225
1815,1684
1268,1001
2358,3570
1566,823
1784,2570
1336,2526
2041,2388
2078,1752
2239,2815
2858,1689
3559,1893
2106,2739
2135,1720
1863,1708
3504,2406
2902,423
2195,1921
1600,737
3152,441
1518,1050
1872,1646
2207,1685
3496,2174
2041,2839
2997,1712
2466,591
3636,1905
1873,2721
1796,522
2470,1284
3499,942
2388,1893
1088,528
3978,1820
2578,539
2371,1688
3727,3167
2212,2052
3053,543
2768,2204
3816,767
2076,2832
1754,439
989,517
2436,591
1863,1708
1880,413
4104,703
1192,919
2284,136
2849,2331
2121,1770
1629,1002
2648,2095
2451,370
2930,1698
2784,368
1922,674
2258,1960
1983,1749
2947,1924
1482,894
2185,2429
2664,959
2014,432
1884,1671
2282,1798
2418,1798
3898,708
2746,361
4101,859
1400,680
2524,3493
2920,412
4018,714
1778,966
3053,1568
1876,1721
2786,1317
2593,1538
2113,1836
2390,1665
2447,1399
2071,2644
2959,1692
2968,543
1674,988
2213,1984
1875,2735
1200,1065
1188,560
2161,1627
1877,316
3333,446
3537,1044
2653,1005
3506,539
4023,761
2206,1960
4999,1090
2833,2153
1319,1072
2671,556
2157,1957
3556,1893
3519,2024
2556,1469
2368,2772
2312,1761
2399,371
2055,1752
2610,1379
1236,1002
1979,1647
2049,1688
2249,2105
2366,1548
1583,429
2252,648
5010,1111
2543,1699
2738,620
2647,1024
1368,602
2163,1756
2231,518
2276,342
2853,367
2122,1806
1655,2849
2247,1749
2453,1347
2025,1722
3313,2443
2246,1649
1198,985
2750,331
2560,1920
2611,1512
2773,2213
2578,395
1319,1072
2148,1973
1874,816
2455,1486
2006,1747
2133,377
1070,519
2408,1603
2965,545
1342,2525
2918,1959
1657,310
2787,1312
1883,889
2137,1829
2932,2203
1307,567
2256,514
3520,1138
2395,124
3439,1904
2157,510
1198,891
1239,839
2161,1614
1574,457
2007,471
1657,2781
2658,910
2161,1759
1578,801
3788,2426
1097,555
2220,1933
1438,1039
1154,746
2611,1361
2444,2124
1660,2694
2583,488
2851,1994
2700,1664
3279,483
3015,1709
2148,1827
2271,1546
1820,881
3099,2395
2208,1606
1223,1068
2106,2736
2274,253
2261,2208
4988,1068
2097,1800
1449,473
3615,860
2116,2627
4894,1488
2179,2526
1293,1043
2581,414
2056,1752
2172,1694
1552,1042
1195,559
1911,1684
748,637
2511,3588
1165,2230
2832,654
3675,600
2446,2542
3518,2349
2415,474
2414,775
3908,605
2575,412
3681,675
2451,1428
1467,1039
2160,1694
5205,1524
2719,833
2581,563
4501,714
1771,1032
1202,1054
2807,1697
2160,2564
1872,2982
2754,2245
855,556
5022,1516
2358,1794
2114,2800
1871,316
2747,541
2368,305
2703,1670
4605,875
1982,2460
4276,746
1303,2499
2834,1684
2823,1453
2121,2705
1641,658
4294,750
2123,1785
4307,961
1659,2677
3103,2318
2959,1694
1213,1062
2648,2157
2515,1797
1324,2524
2768,2036
1609,813
2101,2733
2601,3432
2651,2197
2465,3490
2765,1987
2767,2283
4989,1078
5177,1224
1346,2525
2775,2066
1659,2780
2927,1696
1446,390
1198,598
2596,1698
1200,1047
2061,1804
987,1031
3508,2097
1354,550
3417,2068
2279,311
2124,2796
3169,2350
2673,549
2363,1806
3258,546
2853,365
3987,1817
3551,1701
1689,2576
3674,678
3040,1699
1876,2618
2559,345
906,859
2124,1809
956,531
1359,737
1086,527
2279,1534
3465,1867
4998,1071
2435,1919
2425,755
2031,2732
3142,524
2284,130
2708,554
4280,2588
2758,2243
1794,1738
2690,1577
1572,435
1873,330
2061,2614
1802,259
2689,994
2616,1489
2607,1803
3228,1446
2161,1807
1660,2847
1481,598
1837,89
2114,588
1132,1049
1202,999
2115,1840
1828,895
1668,2574
1924,1691
1024,700
1216,1065
2242,609
3313,440
2735,1700
5205,1526
1073,697
3682,628
1593,3115
2856,2396
1812,11
2411,432
3489,2446
2655,934
4304,896
781,1947
879,2217
3522,895
2571,417
1811,311
2167,1593
2276,2343
1195,602
2862,1071
2562,1159
2931,735
1196,903
2384,1382
5033,1537
1362,2532
1341,897
2385,1476
2057,1690
1532,1038
1574,793
3597,537
2894,544
1381,829
3521,1517
4333,2829
1585,304
2852,1079
2542,702
1281,332
1626,2443
4125,886
2120,2898
2386,479
1722,972
2126,2783
2543,1681
2484,3427
1200,1030
2681,329
3544,546
1661,2833
2676,930
1205,924
1598,294
1869,595
2707,845
1246,1106
3023,549
2041,2513
1478,1042
1868,309
2698,1691
2368,305
2934,1920
1202,1049
2446,1333
2720,830
1666,2714
1871,307
1353,1000
876,2341
1778,966
3693,901
2604,1423
3290,380
1628,890
2253,601
2811,540
2125,2674
928,844
1200,1016
1600,278
2009,164
3518,1942
2024,1759
893,733
1878,2535
2275,1619
2724,1694
2059,1933
2351,113
1314,622
2369,1880
3191,1144
3808,2567
1803,67
2505,2657
1794,2577
1883,614
711,562
2180,2432
1071,734
4984,1264
2286,498
3776,2440
2449,2043
3255,1912
2758,533
2419,796
2092,2573
2091,2482
2198,1914
1093,2150
1199,865
2214,1714
2998,554
3763,588
2529,300
2687,1679
2544,689
1197,865
1015,500
2909,1683
2563,568
2124,1941
1073,711
1900,611
2059,1933
2640,2017
941,532
4329,2850
4304,1370
1877,552
3544,1899
2433,2036
2067,1802
2155,1976
2661,1787
940,542
2243,2007
1234,845
2347,474
2815,1506
2081,2575
2781,2039
1664,3162
3302,2435
1880,2612
2578,474
1998,1589
2077,2761
2833,1358
2639,2212
3290,463
2155,1873
3881,672
1548,2568
2035,2723
3621,554
2377,1538
1887,671
2105,2653
2647,1701
2079,1667
1812,100
2269,1613
3546,596
2719,1310
2504,1936
4979,1528
1930,603
1398,487
2499,1917
4217,742
1166,909
1200,1040
2688,2456
1291,611
5202,1507
3530,1916
1864,1633
2759,2079
2036,1748
2196,1935
2011,152
1678,2567
4311,1072
1376,841
3280,462
2164,1929
2369,122
2576,3390
3799,2386
2349,117
4027,647
3520,1153
1914,1684
3984,938
2228,1684
2153,1981
2025,1646
1998,499
1346,962
1160,742
2026,1750
3239,1902
2123,2929
2732,3249
1710,980
2892,1681
2851,2252
1276,333
2612,1663
1873,323
2712,1247
2985,393
1945,1751
2255,1637
1142,920
1754,1150
1280,338
954,2051
2960,1935
1606,278
1399,486
2363,695
2289,112
2714,554
2369,362
2283,140
1550,321
2114,1836
2934,1700
2141,586
3711,627
2784,1099
2240,610
2542,1718
1473,598
2248,446
1994,1963
1331,999
3855,704
2037,2557
3813,610
2103,2758
1278,335
3549,1852
2123,2913
2415,553
2924,1154
2647,2202
1200,1050
2479,368
3512,891
2195,1915
2545,310
2045,2887
4184,743
2050,1637
1882,1685
3519,1184
2900,420
2212,1915
2962,1868
1851,752
1438,1042
1678,102
2444,2036
2773,2301
2058,312
3536,1527
2849,1346
1197,905
3193,1893
1879,1733
2131,378
1373,1042
2547,582
2967,540
2612,1663
1196,602
2533,693
1481,120
2719,1321
3198,2367
1662,2619
2610,1351
1228,1038
2210,111
2730,543
2013,422
2952,1699
3501,1470
1469,1038
1461,137
1307,564
1801,115
4288,2241
2582,463
2545,301
2173,2489
1365,1002
2268,1375
2915,2071
1210,1002
1083,2148
1579,735
2479,2238
1594,724
2357,1546
2119,1965
3370,463
1026,1031
1366,535
2400,584
1327,2523
2212,1973
1198,392
1584,284
2481,1962
1314,622
2910,2028
2744,754
2056,2618
1233,442
2037,2565
1321,585
1730,1012
2133,1804
1874,842
3653,2430
2982,1713
2766,2031
2289,490
2120,2878
2022,1745
2283,139
2691,3655
1714,1723
2912,548
1135,511
2860,2063
1980,778
2293,422
2839,2114
1278,339
2179,1581
1191,401
1606,311
2153,252
1876,2762
4022,870
2096,2569
2438,1670
2445,1737
4978,1266
2363,1789
2009,486
2433,2351
3491,2038
1916,1691
3279,466
1888,320
2952,1960
2360,2755
1803,6
3491,2038
1200,997
2204,1769
1207,1049
2312,1761
2164,1730
1649,2684
668,610
3676,801
2439,1781
2171,1924
924,834
2528,687
2357,1563
2165,1609
3588,916
2913,2029
1577,608
2768,2237
2713,1243
2660,822
2053,308
3739,787
2873,1614
2765,2058
2334,1672
1264,838
4287,750
2706,834
2103,1803
2643,893
1369,603
2372,1655
1422,473
2899,1686
1195,2239
2256,517
3000,554
2327,1790
1466,598
2609,3440
2586,581
5047,1674
1194,870
1171,936
2150,1804
1317,2203
3643,2433
2146,2358
2476,1921
3399,538
4469,993
2546,684
2872,1962
3192,2381
2271,1695
1892,562
2972,1703
2242,427
3799,2384
2834,1338
1007,2073
2003,460
2340,119
1999,506
2043,2722
1682,2576
2898,552
1769,1039
2287,629
2692,912
1850,1690
1873,2767
3654,2339
1874,1621
2269,1546
1877,1634
2931,2152
3335,1601
1264,842
3788,2388
2107,2727
2022,1733
917,2110
2457,1326
3680,767
1589,744
2723,2238
2679,2097
1658,2835
2127,2613
3777,2469
1163,1032
2523,1798
1170,1075
2177,1939
2292,484
2356,1789
1032,489
2570,435
881,2449
1833,1548
4682,911
2757,1392
1671,2593
1211,838
2531,697
3256,2059
1957,1696
1402,855
2155,1976
1200,994
2038,2231
2189,320
1319,564
3179,2359
2005,576
1701,604
1518,597
1503,315
2968,1602
3249,1910
2213,2844
781,1947
2436,1917
2620,549
2798,2177
2808,708
1505,838
2254,2024
2676,549
1324,566
3361,1921
2389,2234
3436,2436
2985,1916
3814,2000
3729,2439
2222,109
3484,2440
3224,2333
2022,1733
996,1072
3598,897
2855,1994
2755,2244
1948,21
3500,2032
1880,1777
2325,246
1295,603
2712,1243
2610,559
2239,1711
2767,2225
2447,1308
880,972
3521,2251
1336,1001
2096,2568
1304,610
1733,1094
2362,1553
2720,831
1191,403
2111,1918
3529,2233
1339,2528
3425,491
2177,1832
2120,2762
1528,1004
3743,3126
2535,318
3615,859
1227,1070
1204,2251
2634,1584
2575,2375
2648,2179
3229,2769
1789,593
2133,1804
2965,1921
3777,2468
941,536
2366,119
2443,1630
2648,2365
1887,767
1810,315
1200,1051
3897,601
2529,1794
3821,2451
2253,312
1886,394
2252,491
2747,586
2512,1411
2268,1609
1764,1065
3498,1265
2046,2568
884,2523
1478,901
3541,2517
3690,2948
2754,310
1324,597
2197,370
4304,938
2060,1946
1773,980
2084,1677
1338,918
2546,1676
1674,989
1883,889
3738,3117
1984,1688
1196,797
2182,1830
2995,537
1199,1051
2775,2063
2008,522
2378,2423
2688,2096
1713,2583
2897,1678
1457,134
1196,974
2397,3597
1366,999
2125,3140
1742,1111
2446,1406
2542,694
1693,602
1011,501
2158,1787
3511,2461
2765,2246
2370,2781
2248,2020
1519,102
3465,2603
1531,763
2196,1979
3519,2397
1443,864
2614,1388
2433,1674
2751,340
2055,1949
1193,1054
2009,379
1864,2979
2096,272
1784,2570
1310,579
2257,2117
2942,1550
3808,3260
2237,2037
2245,1989
1205,1062
3636,903
2994,387
3490,2033
3551,2248
2158,1690
1886,320
2852,539
1873,2985
2197,1915
2273,1619
1176,2231
1805,61
1951,775
1097,1043
2328,108
2766,2202
3306,459
2008,409
2668,3648
2846,2425
2431,1801
2829,1435
2273,1618
1944,1696
1352,1038
2131,379
1223,1071
3328,1579
2171,605
1573,569
2850,1343
2123,1809
1772,1032
2709,1263
3639,942
2449,1823
2748,742
2163,2531
3825,2450
2546,691
2645,1000
2881,1955
1514,852
2003,455
3747,3285
3277,2430
1648,2686
3817,3242
2738,760
3500,1878
1276,330
2252,2004
1879,2554
1589,733
2605,3429
2379,1796
2532,1181
2253,305
2745,1703
1874,331
2388,1489
3853,708
3198,2367
5004,1504
1868,734
1159,1035
1876,1771
2822,2237
2493,1247
2403,131
2419,1797
3510,812
2420,789
2247,2006
2764,2047
2073,1692
2768,2204
3988,1092
1580,329
1118,740
3438,2427
3925,977
1285,1039
4488,743
4033,751
2231,607
2399,587
2254,2195
3632,625
3896,695
3819,3250
1596,276
3790,3270
2127,1957
2611,1416
1586,733
2250,581
2035,1752
2218,2533
4925,1504
1433,1038
3936,863
3560,545
2156,2520
1725,307
1887,2611
2949,1912
2590,1698
2125,2427
2505,592
1511,942
2536,1551
3243,1909
3455,1867
2073,2634
1841,311
4242,747
4110,700
1430,1039
2999,554
2534,300
2385,1957
3988,618
2276,246
2167,1615
2171,2909
3506,1885
3301,2435
2161,2511
3498,2149
2171,1922
2476,1916
1893,326
2146,1750
2418,786
2706,1699
3269,546
1866,2536
2277,264
1913,606
1501,1043
2843,549
5219,1247
3331,458
2452,3487
2853,1063
2241,1913
2520,3574
2204,1756
2276,351
2785,1113
2232,596
1704,600
4025,716
3313,1773
2307,2138
2150,516
2368,305
1568,688
2249,1998
2420,1797
1205,1040
3590,907
3054,548
3278,473
2311,2398
1273,336
3269,531
2786,2050
5198,1245
2248,1694
1574,637
2125,2735
2685,944
2727,2977
3649,1546
1761,696
1519,842
2297,493
2173,1579
4013,730
2366,118
2126,2760
1993,2465
2289,500
2507,1441
3776,517
1968,2726
2307,105
916,2023
2252,403
2540,1314
2485,2724
2930,543
3280,599
3488,2021
2145,1819
3769,3285
1026,478
1084,843
3551,2210
2698,1675
2417,2392
2227,2079
3263,463
2708,1269
3765,2689
1554,312
4310,1004
2703,1702
2107,2727
1307,567
1643,1072
3259,2431
1884,528
2282,138
3494,2148
2247,608
3464,754
1888,2959
2243,251
1187,408
2129,2772
2127,2982
3676,798
3055,548
1014,688
4457,912
1856,1682
4424,747
2094,1688
1287,1039
1196,866
2769,2006
3297,1328
3746,595
1046,1054
2278,1615
970,839
1397,620
3807,2567
3495,2168
2132,2916
2993,2744
2609,1125
2242,2761
2872,546
2277,586
3177,1517
1874,640
2279,352
2342,487
2765,1985
2381,698
1984,2469
1323,565
2965,1920
2839,637
1332,1001
1481,120
1155,884
2115,1841
2336,1672
2351,2376
2579,582
2592,1104
2375,1625
2342,168
2853,1995
2614,1415
2411,1665
2326,241
4999,1287
2193,1917
2760,1911
2124,1794
2185,1921
2166,2535
1436,397
3540,1849
3712,551
2366,119
2611,1790
4134,716
1369,251
2574,458
2249,2028
2195,322
3236,2335
1371,528
1174,739
2765,2237
1882,241
2141,1791
1806,179
3856,647
1189,850
1579,772
2362,685
2536,318
2766,2213
2289,453
3538,1044
1197,1029
2220,1933
2191,1845
1192,461
2124,1770
2047,2704
2073,1689
1871,2984
3153,439
2093,2574
2185,1921
2647,2100
2872,1689
2679,2106
2124,2787
2092,2568
2344,111
1194,933
1653,3044
1293,476
2671,946
2253,440
2486,1586
1858,1674
1796,2566
1768,2562
2446,1963
1248,1041
2239,2010
1427,837
2997,540
3275,538
2685,987
2782,2077
3497,2449
1876,792
1266,1043
2046,2626
3191,2380
2368,685
2373,2759
2665,555
1874,331
1836,608
2252,2001
2170,1583
2908,1689
3833,2447
1485,488
4123,883
2749,1924
1786,3081
2696,1677
1928,673
2340,121
2444,1622
1680,313
3301,2435
2092,2577
2080,1938
2495,588
3030,386
2344,2584
1938,1748
2931,2151
2764,2244
3552,1269
2525,1178
2869,1961
1827,886
1174,1044
4399,2822
1770,1033
2443,1329
1131,632
2516,598
959,529
4303,882
2367,1920
1802,259
1461,130
1197,1042
2535,344
2007,508
2040,2308
2607,1806
2454,3411
2049,2848
3604,1645
2126,2723
1189,401
2122,1804
2116,2365
2449,1630
2225,1685
2243,1731
1372,545
2277,248
2349,3324
1941,1684
2848,1867
2354,1559
2649,995
1302,843
1218,1052
2251,2004
2675,949
2617,1916
1301,834
2338,118
1529,840
1863,327
2279,311
2597,1795
2848,618
2160,1657
1209,1058
3511,2009
1686,757
1794,1030
3814,2000
2611,1757
2320,511
3487,2449
1067,469
2116,1841
2808,1512
2836,1686
4556,895
2954,1849
2175,2500
2362,1723
1864,2840
2701,1702
1787,3078
1249,708
3124,2298
1278,1040
2324,1881
2579,462
1609,1038
1200,597
2777,2066
1037,497
2272,1618
2136,1963
2323,1792
2064,1693
2571,459
4081,851
2902,1688
2541,1171
2447,1342
2075,1688
2829,1691
2573,455
1568,602
2848,407
2834,1417
1226,962
2123,2676
2103,2740
3223,535
1724,1020
2148,1751
2631,2240
1191,917
1673,2562
2155,1845
2539,310
1186,2185
1843,2999
3099,545
2459,1407
3144,512
2336,2448
1577,610
2120,1804
2540,328
1851,1575
3541,2213
2194,1915
2204,2399
2181,2432
3666,829
2326,693
2892,1681
2176,1590
2183,1936
3508,1931
1320,889
2574,404
3298,2000
2560,1516
1217,838
4303,746
1305,2535
1253,1101
1460,905
2458,1797
2248,625
4305,877
3525,2252
2347,1792
2001,605
3110,1204
3103,542
3820,608
1397,490
2171,1581
2704,851
3279,473
2233,516
2361,2758
2565,568
3241,2410
2148,1935
2007,502
1972,2597
1473,637
1497,837
2218,2535
5219,1261
1887,320
2000,614
4974,1296
1315,865
3030,776
1587,306
1478,885
1603,315
2811,697
1291,617
3173,1715
1195,1023
4097,695
2724,2237
2249,2020
2164,1616
1959,2744
2420,602
1407,1042
2191,1846
2168,2369
2708,1264
2612,1665
2129,1689
2709,840
2875,557
966,522
2581,475
2449,2062
1309,2503
4029,888
2732,3250
1507,327
1202,1049
4326,747
3718,1923
1679,2572
2724,1517
2686,1806
2873,1611
2168,1975
2279,1998
2194,1929
3947,864
3531,2251
2670,362
2368,305
2161,1794
2855,2037
2118,1693
2832,2114
2713,823
1303,841
2174,1693
2465,592
3019,385
2614,1426
2161,1821
1446,473
2615,389
1522,1127
2545,686
3458,1868
3533,2321
2480,316
1505,1042
2371,3570
2164,1640
4112,697
1633,2456
1184,1064
2222,312
2543,1681
1878,2923
3785,732
1875,2759
2546,699
2123,1788
2768,1961
1207,993
2274,1833
3280,601
2556,1469
927,547
1940,437
2247,618
2035,1756
1900,2955
1466,476
1197,948
3530,1915
2700,1396
2122,1839
2497,369
1846,3004
1396,513
2427,1633
3824,2449
933,544
2417,1665
3263,2567
2742,537
1195,1023
2808,2245
2957,1707
3145,1902
1395,255
1987,2480
2578,534
1544,843
2116,1837
1607,1037
2252,1543
2927,1698
2453,1389
2358,685
3255,1685
2613,1438
2552,1548
2816,546
3416,483
3389,546
1427,1039
1573,319
2004,158
2091,2726
2202,1917
2620,1308
1375,234
1200,1051
1206,1068
1228,1071
2610,1374
1188,409
1881,405
2150,512
1814,4
2323,3006
2115,2318
2267,1618
3765,3287
2117,2803
2045,187
2161,1811
2214,1936
2824,1690
2530,700
1197,983
2050,2833
3769,2449
1215,1057
1190,1060
2421,438
1945,1700
2036,1671
1453,411
2945,1706
3792,627
738,558
2635,764
2413,2142
4925,1504
2533,682
2460,753
2830,712
2204,1794
2414,1795
2360,1871
2724,2243
1737,1076
2724,544
2581,582
2922,1517
2773,2063
2366,119
2749,1701
4127,705
2854,1342
3669,869
880,2346
2759,1700
1861,1690
2761,2268
2537,1309
2250,297
3497,1887
2240,1600
1873,2766
3653,2429
1014,688
2908,417
2833,1336
2456,1551
3755,592
2099,2662
2550,566
2389,2837
3263,2566
1842,2542
1199,886
2436,3581
2267,2766
3499,834
2392,3608
2555,1155
1372,2526
2219,119
2810,694
2937,1520
2721,847
2769,1915
1676,96
1193,397
5159,1349
2368,590
1359,2525
2033,2620
2250,251
2985,538
2663,1927
1613,729
50,1588
1886,521
2444,1799
1247,742
3805,3266
1549,2568
1176,739
1232,902
2108,2733
1477,674
1307,582
2118,2770
1889,2978
2826,546
3800,2608
2349,166
1029,703
2955,1892
2574,549
2156,1754
1875,1598
2572,435
2218,595
1659,2681
2653,1913
2278,1615
2161,251
1880,2733
1860,314
1665,1058
3799,2384
3703,3162
1321,882
2283,2255
3876,606
2579,502
2096,2565
2148,1729
2260,1890
1940,437
2708,1263
2562,544
3032,1911
2010,499
1308,572
1260,1043
1463,598
2281,2588
1297,603
1587,688
3785,2440
2465,1409
1525,311
1752,442
2693,327
2775,1689
3497,2104
2784,1102
2735,1700
2124,1781
2501,135
3532,2343
3497,2147
1574,823
2992,1913
2374,1562
2253,395
2750,1701
2664,1691
3733,2371
757,553
1566,829
4309,758
2125,2722
2458,373
2955,2191
2544,581
2928,2149
2192,450
2233,1604
2184,1903
2257,1794
2108,1925
1882,1686
5199,1246
2317,599
1817,938
2366,119
2454,1710
1308,958
2660,1916
2410,806
2925,1155
2907,2116
2917,1681
1251,336
2187,2349
1942,1686
2879,411
1653,2857
2230,2814
1809,4
2404,3565
2920,2075
1822,90
2165,1695
1874,1690
1316,902
2404,368
2464,3332
3237,1903
2992,1701
3606,552
2269,1698
3549,622
876,2334
2416,782
2047,1639
2768,2223
1199,1041
1233,1054
2867,1989
1878,326
2220,2030
2278,255
1616,1041
3194,2313
1438,1042
2017,1689
2123,1800
3726,582
3305,2435
2594,426
2765,2236
2335,1702
3764,728
1320,576
3156,1711
1446,843
2626,863
3738,2563
2174,1588
3515,2022
2826,1690
3858,611
2067,2828
1823,755
989,517
2946,1331
2181,2520
4778,1750
2052,2624
2130,2654
1570,844
2624,3227
2197,1977
3589,907
2565,3491
1987,1691
1515,101
982,512
3629,3067
2452,1348
2249,2025
3506,2244
1085,743
3672,753
2150,1691
1952,783
4307,1486
785,567
2015,512
289,1522
1197,964
2902,1684
3171,2353
2351,3082
1513,938
2545,687
3499,2353
2379,2700
2370,2646
1757,530
1319,583
2838,1380
2217,2195
3496,2450
2422,1957
3502,1495
2603,1683
2331,1807
2766,2031
2764,2016
2159,1646
1200,1038
1960,627
1981,1955
1163,2231
2857,1883
2118,1703
1876,518
2272,590
2541,581
2155,1974
3239,1907
2662,3651
2355,2763
2965,1922
2552,3472
2206,1565
2362,474
2337,1448
2563,564
1726,1014
2660,2244
3923,2318
2117,2980
1873,932
2155,1976
1878,327
2663,549
1886,400
4885,1042
3181,1683
2163,1821
2064,2620
2625,1287
2606,515
4882,1491
3518,2401
1558,1042
2129,2591
1436,397
2165,1665
2272,1622
1209,1001
3472,536
1776,2566
1486,1038
2456,1738
1874,331
2139,527
2118,1710
4018,650
1174,842
1237,799
2053,1689
2176,2462
854,557
2953,1690
1325,573
2941,1919
3683,2963
2244,607
1873,1586
1383,226
2049,1688
1659,3155
3534,853
2850,1686
2629,2242
2445,1320
2304,268
1873,315
2353,462
1599,158
1030,478
1575,438
2579,502
5135,1259
2797,1547
1258,848
4316,748
2076,1800
2760,1920
2155,2523
1664,3167
2123,1800
1368,882
3856,643
2717,1913
1325,2532
2446,1313
1691,603
1678,22
3873,605
2146,1870
2714,1692
258,1528
3590,914
2252,1909
1873,845
1659,2619
1887,323
3641,544
2095,1694
3515,2331
2435,1471
3272,531
2799,2239
1938,310
2855,2071
3079,1347
1551,737
2049,1688
1121,444
1164,739
2243,251
2368,305
1871,326
1753,316
1671,110
1336,578
2255,2008
2892,1681
4111,714
1877,1703
5125,981
2353,1560
5208,1492
2174,1588
1876,591
1431,487
1886,395
1899,2955
1126,565
2933,2151
2633,1045
1258,1040
2325,240
4028,646
781,1947
1855,1631
3245,2416
2243,2804
2004,161
2133,1804
2185,1921
2154,1693
2603,1911
3674,755
2935,1505
2705,1481
2397,517
2613,1711
2832,1369
2721,847
2243,2029
2342,2000
2564,1960
2163,1715
2451,2339
1572,2744
1584,2563
2150,1935
2824,712
2449,2062
2378,2818
2141,1689
1197,1066
1875,2831
2519,3570
4083,851
2159,2430
2486,510
2566,3008
2121,1770
2644,2077
1806,2552
2457,601
1228,849
3502,1474
2413,807
3437,2433
2715,827
2567,578
2269,1613
1241,842
4333,2844
1420,835
1461,860
2572,415
1246,1055
2140,1689
2811,1012
3484,2440
3689,560
2256,2339
2282,2173
2450,1728
2054,1688
2632,614
1882,2852
1452,145
2211,111
2173,2470
2152,1977
2567,3488
2505,1702
1876,1630
3700,2954
1027,699
2253,584
2827,712
3985,630
2229,249
2283,136
917,509
2007,459
3175,2303
1881,2599
1429,592
1802,1751
3628,553
4303,1371
2230,2020
2629,430
2113,596
1883,916
1652,2920
3554,545
2000,614
1665,28
2808,2245
2532,574
3551,2434
1183,918
2567,564
1585,437
3245,1910
954,2042
5200,1517
2464,1409
3265,2743
1933,1748
2247,1912
2789,2062
2410,509
1335,2540
2775,2003
2339,1534
1894,311
4872,1029
1543,741
1588,543
2073,1689
1717,1606
1165,446
3785,2405
3154,535
2249,1994
1199,912
2910,1689
2928,2149
2181,1918
1422,1008
2455,1385
2474,1920
1214,1061
2918,2072
2209,1702
2437,1958
3497,1275
1870,1748
4883,1483
2323,1734
2417,1919
1643,2856
2810,694
2052,2722
2159,1738
2627,2243
4040,848
930,828
2433,2351
2560,508
2788,1101
2045,1750
2140,2574
2284,124
2312,114
1200,982
2632,1958
2278,1615
1841,2555
2921,2074
3788,601
1578,414
2753,1599
4028,856
2710,554
2855,2075
2252,440
2313,604
2417,793
3126,2299
2009,380
2128,1790
2272,1619
2650,813
1694,2565
5180,1199
2120,2608
2164,1706
2705,851
2579,385
1320,586
1784,3076
2919,2168
2242,1638
3484,2385
1880,1721
942,539
2055,2571
2719,1654
1591,272
1199,977
2116,2933
2252,2553
2254,1966
3706,2300
1497,2296
2003,443
2767,1703
2202,104
2121,1756
1665,736
1927,711
1593,3113
2456,1685
3522,1518
2094,1686
2834,1323
2558,570
2052,1767
1494,106
2695,1921
1290,594
2125,3582
2036,312
3530,2249
934,837
1246,1054
2557,1698
330,591
1574,699
2587,686
1730,1014
3334,452
1256,1099
3513,2452
2161,2486
5113,1161
2198,1983
2270,1624
1094,539
2744,1915
2193,369
1836,432
2448,1326
1086,2147
1879,481
3503,2414
2843,2245
1200,1037
1757,526
2052,1689
2155,1976
2091,2726
2456,1462
2470,2778
2536,1532
1865,329
2843,1688
3024,2218
1321,999
2126,2838
1253,2096
1233,2279
2391,1671
17,1444
2767,1935
1772,2565
2172,1909
2713,1318
2412,592
2773,2320
3170,446
664,611
3359,461
1949,517
2525,1184
2968,1602
1583,429
1953,1686
1884,502
1874,765
3034,547
2489,1248
2208,1896
2272,1618
1390,1050
3125,2299
1158,2228
2163,1715
1517,1050
2228,1684
2160,1664
1270,999
2656,2245
2545,299
2836,1054
2143,279
968,1846
3781,2471
1961,23
3282,466
2767,2124
1381,601
2418,751
4182,734
2356,119
3299,530
1234,793
948,529
1838,432
1968,267
1031,699
4684,929
2913,1768
3520,2408
2346,120
2043,312
3197,2386
2022,253
2125,2752
1044,492
1987,1691
4082,684
2921,456
1717,2567
1703,1544
2163,1895
2576,376
2007,670
3965,620
2003,497
648,2436
2856,1343
3326,516
2452,1397
2203,243
1388,1043
2868,1916
2702,863
4324,2898
2551,3596
3521,2251
2242,251
2271,1615
2966,549
1477,792
1885,2856
3524,856
3123,2311
3187,1697
3007,550
3200,2374
1657,2565
1007,503
1266,1042
2288,488
1200,1039
1877,556
876,2335
2281,1717
3813,601
3507,2450
4980,1247
2611,1719
2370,1780
3772,3275
1358,1042
377,947
2448,1380
2160,1653
2690,556
2883,413
2121,2924
2398,2581
2385,1376
2756,341
1836,431
2627,1044
2287,242
2563,565
4317,896
2716,548
4635,938
988,1028
2465,2042
2974,437
1113,447
2376,2555
2364,2766
2040,2154
2140,2345
1237,1082
2648,2154
2512,1919
2200,1639
2778,2066
1933,432
1814,1686
1198,923
2118,2981
2054,271
2862,1070
2213,312
2722,842
1292,606
1648,2852
3212,1812
2095,2734
1171,859
1933,521
2612,1429
2125,2732
1872,811
2935,1505
2920,509
2446,1332
2717,837
1195,694
2496,373
1515,104
2250,2004
2037,1750
2973,2193
2183,1924
2570,361
2004,280
3187,1702
2223,2066
2135,260
2024,1731
2351,1957
1904,15
2192,1868
2272,1619
1199,939
2355,1771
3167,2350
2851,1992
1831,879
1155,891
2445,1322
1789,741
4197,1697
3676,757
2309,1410
2148,2282
2766,2071
2227,2079
1198,549
2134,1801
5052,1134
2740,2244
2269,1613
2470,2671
2547,301
1030,475
1103,555
2106,1699
1451,467
2925,2142
2285,579
2198,1911
1335,583
1478,887
1734,725
3279,529
2199,1915
2290,1048
2125,2811
1722,2572
2039,2570
2419,272
2411,377
2358,690
2765,1985
2774,2076
2444,1672
2247,523
3458,1868
2289,1790
3683,907
2121,308
2956,1784
2243,1559
1869,2606
3532,2244
1390,1056
2290,268
855,556
2878,1689
1203,997
2601,1411
3373,400
1352,501
2513,1484
3667,558
1866,2988
2308,2473
2126,2822
3632,554
1879,2609
2451,1450
2202,313
1948,1695
1029,758
3480,2442
2278,293
2551,3561
2533,702
1886,831
3332,2422
2247,2003
2187,246
2404,3580
3970,1575
2253,668
1375,1000
2452,1344
2104,2491
2663,963
3973,1822
664,609
3858,650
1485,2434
2717,1961
1826,445
1885,2577
2118,2976
2482,2686
2739,2245
2095,2440
2134,1957
2169,1689
2252,491
2249,2025
2759,323
4708,1466
2560,1920
1178,400
3331,441
2564,565
976,1840
2253,327
2740,1631
917,509
2566,1693
2063,2623
1823,92
3291,437
2126,2621
1857,1690
2848,1352
2360,1550
1488,598
1620,795
1188,401
2412,1691
2126,2621
2277,253
2702,989
2185,1922
1514,929
2147,1801
2149,1791
1305,2536
2753,735
2119,1837
2215,2054
2708,1263
2568,427
2561,3566
3279,497
2512,1919
3165,1715
2005,453
2655,2189
2183,1918
1677,22
2013,166
3491,2649
2928,1699
1195,716
2746,749
2628,1704
2502,1793
1886,1637
2127,2767
1863,511
2772,2247
2661,2352
2416,785
1119,576
1658,2628
984,521
2124,1794
2751,563
2365,1398
1656,2681
5053,1656
2646,1000
2109,2884
3474,2423
2447,1334
1960,1749
2122,2669
1200,2252
1663,774
3552,1600
2580,1700
2652,1846
5171,1363
2794,1915
1528,1004
1225,1076
2463,1316
2534,1692
1186,1061
2644,1519
2560,1693
1014,499
2174,1588
1221,843
2578,1708
3845,642
2444,1809
3157,440
2409,1689
2731,2400
787,566
3411,2444
1130,559
2784,1109
3152,538
2115,2318
1440,379
1497,746
2539,320
2408,376
1756,539
3493,2017
1353,999
1884,1619
1613,1015
1521,598
2789,2092
3523,2348
757,644
2523,1798
1378,256
2166,2514
3520,2403
1235,1042
2216,1794
1285,999
2766,1948
2126,2899
2678,1616
2002,585
2126,2604
1256,557
1881,2988
2412,1793
2573,535
3226,2417
2439,1781
2558,367
4491,772
2253,2017
1549,2569
2572,1154
4979,1263
2213,269
1879,1596
2560,365
1886,477
2875,2085
2462,1844
1342,778
3987,708
2109,2733
4305,976
882,2432
1290,1040
3999,1002
2952,1909
1200,908
2450,1338
3191,1894
1577,630
3513,2456
1881,1707
2552,577
2232,2852
2127,2607
2449,1431
2364,2744
1771,2564
2024,1639
2881,408
2182,2525
2774,1693
2704,873
2775,2006
2009,477
1925,1630
2023,1723
2409,1641
2925,1154
1574,804
3177,1516
2385,1489
2758,2243
1811,50
2426,762
2533,307
1300,584
2380,1489
1112,1057
1571,685
1179,1032
986,505
1870,2621
4986,1082
1753,1173
1182,999
2177,1914
2689,1589
2074,1692
2563,565
1126,624
1198,929
1397,846
2430,2353
1195,596
2734,1309
1321,885
2664,963
1905,669
1384,601
2506,1205
2582,494
3849,601
3332,451
1660,1809
2852,1344
3520,1880
2411,2411
1604,156
2608,1794
2371,1644
2121,2654
3496,2495
1540,90
1041,463
2779,1120
1601,284
2742,749
1098,842
1809,4
3316,2442
1885,899
2855,2008
2395,505
1440,822
2609,1125
2931,2152
2850,2024
1889,619
2652,1011
2143,1801
2079,1667
1564,1042
1881,2962
2563,464
1199,710
1574,798
2545,576
880,2349
2024,1718
4480,775
1344,999
4305,1031
668,609
2833,1378
2201,1597
2075,2957
1787,3080
2916,1690
2953,1693
2777,1113
1844,3004
2566,365
2033,2573
2689,1495
1561,601
2752,1414
2456,2194
2008,301
1261,339
1863,1708
2853,1063
2263,516
2198,1980
2484,1920
2024,1733
2720,831
727,2105
1578,504
2294,257
1664,1002
2343,1998
3497,2450
868,2518
2647,2216
2252,607
2851,1992
2785,1105
1889,415
1449,741
3278,533
2449,2177
1852,2
2253,2016
2927,546
1837,52
1673,2424
1577,247
1916,1680
2268,1624
2746,748
2532,685
1833,189
3817,2439
2007,291
3606,912
2114,2875
3800,2608
1883,1701
4374,3052
3173,1714
3850,641
3611,3321
1199,902
3528,2298
1196,916
2249,1998
1428,1042
2357,1967
1946,1701
1732,1535
1999,322
2144,1860
2186,1842
2282,1751
5064,1675
2392,1376
2769,2013
5093,1637
2980,1708
1332,2531
3313,462
2767,2074
1574,736
2328,113
2833,1353
1884,560
1396,961
1829,741
2132,1768
5165,1359
2801,2184
2164,1635
3377,2441
2847,552
2615,1920
2160,1869
2606,1746
1879,1665
3546,1841
2556,1469
2136,1963
2219,2815
2571,1692
3506,2344
1888,320
1231,801
2368,1796
3262,1005
3005,1670
1199,929
2900,1916
1578,728
1014,706
2607,1920
3602,622
948,530
1997,232
2746,2080
2013,166
1778,2566
4027,682
3493,2020
1336,1042
3552,2238
3012,546
2095,1684
1882,673
2544,584
2248,310
2820,1340
2251,630
1311,843
2288,489
2113,1836
1769,315
1331,834
3521,2251
1188,1030
2123,2728
1569,826
1251,677
1241,615
2115,2318
1602,155
2844,1349
2777,2075
3509,2010
2765,2235
1971,1587
2139,2470
3027,782
2586,1553
1875,1652
4304,756
1693,2568
2411,799
2451,614
2840,2245
2544,1318
1397,1043
1038,497
2241,2160
1886,1704
1995,2457
2672,549
1691,1045
2340,120
2686,841
2140,1934
878,2212
2256,2545
2366,119
1448,478
3764,3281
2848,1356
3188,1354
1745,311
3519,1906
1187,403
2008,504
1199,735
1773,2852
3172,540
1536,1040
2613,1550
1896,518
2271,1652
1916,388
3507,2453
2275,1615
2080,1682
1200,1051
2728,1916
3484,758
2517,584
1811,644
2004,163
3507,1483
1509,730
3174,2365
3533,1051
2277,1763
3503,544
2067,2623
2007,2599
2209,2335
2036,2611
2067,1654
2162,2732
1398,487
2576,1698
1582,278
2406,2769
2415,3581
2177,1834
2565,572
3476,545
1781,436
2116,1801
1778,312
2785,1105
2001,580
5206,1524
2200,1629
3853,643
1489,603
2708,1263
2192,1914
2059,1933
2876,2086
2821,1703
3521,1494
2581,3398
2841,429
2289,423
839,846
2554,3502
3508,2450
4485,778
3521,747
3046,1694
1508,312
994,2071
1768,443
2160,1971
2900,1685
1191,1054
1093,552
2006,299
2266,248
2115,1706
2061,2615
1189,409
3787,2427
2929,1517
2010,573
2200,1609
2200,1916
867,2327
5107,1149
2361,2508
2086,2734
2249,679
1997,499
3559,741
2951,1867
2008,365
2968,1602
1276,837
3093,464
2055,312
1612,792
857,917
2961,1925
1668,2597
2725,2237
1448,394
2172,1585
2563,1158
1145,566
1563,814
1487,1040
874,2194
2400,1366
2407,1632
3528,2248
3806,2611
1261,839
1959,22
3521,2345
3814,2000
1423,845
2755,736
2829,1414
2201,1918
1966,389
2417,799
2918,2074
1212,1060
2754,1695
2185,1936
2246,600
2937,1517
2136,1963
2844,573
3679,903
2253,420
2445,2247
3272,2438
3790,2495
2777,1706
2148,1827
2574,494
3538,2562
3497,2115
1347,2533
1217,1073
2106,2757
2755,1699
2161,1736
1118,1062
2445,2138
2292,1398
1196,1016
3509,2465
1884,559
2778,2074
3469,1894
2533,703
2710,1242
3100,1322
2469,1919
2023,1713
1521,1038
2519,1697
3557,1893
2183,267
2403,3587
2687,1577
2712,1243
2924,1524
969,844
1678,98
3326,538
2855,1343
1633,1041
1211,1062
2370,1676
2439,1678
1995,372
2731,2400
2008,294
1272,938
1881,2604
2451,1438
2443,1960
3271,2430
2003,463
2246,485
1906,15
3549,2239
2185,1922
1496,1038
2686,916
2283,1718
2208,1599
1959,2744
2647,2366
1555,315
1088,743
2285,1809
2719,834
1373,255
2732,1308
1961,267
2248,1993
3280,2445
3859,617
1309,1039
2159,1689
2051,2613
2165,1667
1033,483
2785,2073
3707,2301
1189,1022
2075,2957
3268,931
2124,2963
3241,468
3516,2331
785,563
2786,1821
1285,839
1249,672
1452,407
871,2504
2252,587
1602,314
3526,2223
2517,2237
2665,961
2325,273
2078,314
2897,2156
2330,2516
2657,332
3552,2231
2153,517
1979,1637
1772,2557
3741,582
2556,1698
2578,1123
2913,2427
2322,108
3801,606
2434,1774
1465,478
3631,583
2456,331
1959,2744
1662,2697
1735,744
2156,1604
2664,1003
1977,1633
2817,1509
2125,2758
2566,543
1277,337
2275,352
2197,2573
880,2516
1225,1072
2715,1237
1203,1050
2139,1869
928,538
3192,2381
2709,840
1910,600
2102,2740
2007,300
1202,1029
2145,1801
2253,288
3438,2433
2503,292
1983,470
1325,2524
2638,649
1801,113
2037,266
2447,1312
2364,695
2204,106
3434,1454
1875,1604
3502,2091
1611,1074
1882,834
2476,1571
1874,2775
2742,342
2787,1819
2067,1691
1872,310
2293,449
3369,397
3511,2466
2579,439
2182,1925
2176,1829
2367,1921
2514,1491
893,548
1816,16
1877,2748
1578,603
2266,1618
1871,1749
879,668
3560,1275
2985,541
2392,598
2449,1399
1876,593
2196,252
1199,1000
4231,908
1318,2531
1917,518
1301,834
2696,698
3504,2375
1658,2834
1275,563
2711,1694
2457,1314
1725,820
2033,2618
2150,1804
1199,883
1319,584
1676,104
2246,251
2007,586
2287,587
1770,590
1977,1634
1602,1011
1834,520
2783,2042
1664,597
1264,1039
2269,1613
1585,744
2263,2024
1859,600
1216,999
3858,647
885,2523
1405,484
3778,2459
3286,465
1221,1072
2398,515
1382,1039
2146,2508
2007,493
1657,2616
2058,2721
1735,1070
2773,2205
1197,1018
2733,2241
1198,2234
